ORDERLINENUMBER,PRICEEACH,QUANTITYORDERED,orderlineid
2,95.7,30,0
5,81.35,34,1
2,94.74,41,2
6,83.26,45,3
14,100.0,49,4
1,96.66,36,5
9,86.13,29,6
1,100.0,48,7
2,98.57,22,8
14,100.0,41,9
1,100.0,37,10
7,100.0,23,11
2,100.0,28,12
2,100.0,34,13
1,92.83,45,14
6,100.0,36,15
9,100.0,23,16
5,100.0,41,17
1,94.74,46,18
1,100.0,42,19
9,100.0,41,20
13,72.55,20,21
12,34.91,21,22
4,76.36,42,23
7,100.0,24,24
2,100.0,66,25
11,100.0,26,26
1,100.0,29,27
11,100.0,38,28
11,100.0,37,29
8,100.0,45,30
1,100.0,21,31
4,100.0,34,32
8,100.0,23,33
11,100.0,42,34
6,100.0,47,35
3,100.0,35,36
2,100.0,29,37
9,100.0,34,38
6,100.0,32,39
9,100.0,21,40
3,100.0,48,44
1,100.0,40,45
3,100.0,26,46
1,100.0,30,47
10,100.0,32,48
2,100.0,41,49
3,100.0,36,50
4,100.0,24,51
6,100.0,50,53
5,99.91,39,54
3,96.34,29,55
5,100.0,27,56
9,100.0,37,57
17,100.0,37,58
4,100.0,27,59
12,100.0,42,60
4,96.34,38,61
5,100.0,24,62
2,100.0,23,63
4,100.0,47,64
1,100.0,22,65
5,100.0,44,66
5,100.0,40,67
4,100.0,22,68
9,100.0,47,69
1,96.34,39,70
4,100.0,45,72
2,100.0,20,73
4,68.92,40,74
8,51.15,26,75
5,100.0,39,76
5,44.51,50,77
1,100.0,45,78
5,100.0,45,79
2,100.0,46,81
4,100.0,31,82
8,100.0,33,83
16,100.0,22,84
3,100.0,20,85
11,100.0,41,86
3,100.0,45,87
4,100.0,49,88
1,100.0,34,89
3,100.0,49,90
9,100.0,39,91
4,100.0,43,92
4,100.0,41,93
8,100.0,27,95
11,100.0,29,96
1,100.0,20,97
3,100.0,37,98
3,76.67,39,100
7,86.77,21,103
9,100.0,66,104
4,100.0,56,105
2,100.0,50,106
11,100.0,46,107
2,100.0,33,108
15,100.0,49,109
13,100.0,32,110
9,100.0,44,111
12,100.0,24,112
9,100.0,26,113
6,100.0,45,114
8,100.0,39,115
12,100.0,49,116
1,100.0,27,118
4,100.0,30,119
6,100.0,25,120
1,100.0,24,121
9,100.0,22,122
17,100.0,33,123
6,64.93,47,124
8,48.05,25,125
5,75.47,26,126
6,54.68,48,127
3,100.0,39,128
2,100.0,32,130
9,100.0,64,131
3,100.0,19,132
4,100.0,42,133
8,100.0,31,134
4,100.0,26,136
2,100.0,21,138
9,100.0,33,139
1,100.0,28,140
15,100.0,31,142
4,100.0,48,143
9,100.0,50,144
12,100.0,26,146
13,100.0,38,150
7,100.0,40,151
8,61.99,46,152
2,100.0,26,153
2,100.0,27,154
9,100.0,43,155
4,65.63,35,156
6,100.0,37,157
7,46.9,37,158
12,100.0,38,160
6,100.0,33,161
10,100.0,42,162
7,100.0,42,163
7,100.0,48,164
2,100.0,30,166
14,100.0,27,167
3,100.0,21,168
8,100.0,20,169
9,100.0,27,171
3,100.0,28,172
13,100.0,24,173
14,100.0,44,174
3,100.0,50,175
12,100.0,21,176
5,100.0,33,177
10,100.0,33,178
3,100.0,31,179
5,71.47,41,180
2,79.65,45,181
3,85.39,33,182
7,76.0,45,183
4,99.04,26,184
13,100.0,12,185
15,100.0,41,186
12,100.0,33,189
11,100.0,20,190
3,100.0,44,191
13,100.0,21,193
5,100.0,47,194
13,100.0,46,195
2,100.0,42,197
2,100.0,44,198
2,100.0,35,199
8,100.0,46,201
13,100.0,31,202
5,100.0,38,203
8,64.0,42,204
10,57.22,33,205
8,52.36,48,206
8,100.0,42,207
10,100.0,34,209
1,69.12,33,210
2,100.0,36,211
8,100.0,21,214
8,100.0,38,215
5,100.0,30,216
6,100.0,49,217
1,100.0,43,218
13,100.0,25,223
6,100.0,38,224
3,100.0,41,225
6,100.0,28,226
8,100.0,41,228
11,100.0,21,230
6,99.21,33,232
3,100.0,29,233
8,100.0,49,234
9,63.2,39,237
6,100.0,40,238
4,100.0,50,241
5,100.0,49,243
13,100.0,35,245
8,100.0,40,246
1,100.0,25,248
13,100.0,36,249
6,100.0,43,250
1,100.0,46,252
14,100.0,43,254
8,100.0,24,256
9,100.0,30,258
6,100.0,24,259
8,100.0,55,260
13,78.92,49,262
6,100.0,44,263
6,100.0,66,264
10,100.0,43,267
3,100.0,46,268
13,100.0,33,269
3,100.0,47,272
14,100.0,33,273
14,100.0,26,275
3,100.0,30,276
3,100.0,25,278
3,100.0,27,279
6,100.0,27,280
9,100.0,24,281
14,100.0,34,282
6,100.0,46,283
1,54.33,27,284
11,100.0,33,285
5,55.34,49,287
4,100.0,40,288
8,99.82,37,292
5,100.0,48,293
5,100.0,31,294
12,100.0,28,297
6,100.0,20,299
16,100.0,39,300
7,99.82,25,301
11,100.0,22,303
12,100.0,22,304
1,100.0,47,305
10,100.0,45,306
1,100.0,35,309
13,83.63,46,310
1,95.93,44,311
4,96.73,34,312
6,72.38,25,314
11,100.0,10,315
14,100.0,29,316
10,100.0,49,320
1,100.0,50,322
12,100.0,43,323
4,100.0,38,324
12,100.0,20,325
1,100.0,49,327
1,100.0,39,329
7,100.0,45,331
4,100.0,36,333
1,63.38,49,335
10,100.0,26,336
5,62.09,49,337
12,95.35,34,339
3,100.0,33,340
7,89.38,39,342
11,63.84,32,343
8,75.01,24,344
8,63.84,21,345
3,73.42,24,346
3,63.84,36,347
15,81.4,20,348
4,64.64,30,349
9,82.99,44,350
3,92.57,28,351
10,77.41,37,352
4,74.21,20,353
14,90.17,25,354
15,76.61,35,355
4,83.79,38,356
13,69.43,41,357
6,76.61,22,358
11,81.4,49,359
4,73.42,38,360
10,93.56,36,362
5,81.62,34,363
5,67.83,24,364
7,70.26,36,365
14,90.17,34,366
5,100.0,46,368
11,100.0,24,369
5,100.0,21,370
3,100.0,24,371
12,100.0,48,372
1,100.0,26,373
7,99.54,34,376
2,100.0,48,377
1,100.0,36,378
4,100.0,46,380
5,97.17,31,381
1,100.0,41,382
14,100.0,45,385
7,58.38,26,386
3,100.0,38,387
9,100.0,48,388
9,64.16,42,389
4,35.71,49,390
13,66.58,32,391
5,100.0,54,392
4,100.0,33,393
7,100.0,20,395
4,97.89,29,396
4,97.89,33,397
5,100.0,50,398
11,100.0,36,400
16,100.0,27,401
15,100.0,33,403
6,100.0,21,404
5,93.28,21,405
10,100.0,41,406
11,100.0,40,407
7,100.0,25,411
15,100.0,24,412
15,64.74,39,413
7,75.2,55,414
6,88.45,46,415
8,100.0,47,417
5,93.28,97,418
10,100.0,35,420
10,100.0,38,422
7,100.0,34,424
8,99.17,36,425
3,93.34,48,426
7,96.84,21,427
10,93.34,21,428
5,100.0,34,429
1,100.0,32,431
8,100.0,29,432
8,96.84,43,434
5,98.0,46,437
10,100.0,22,439
7,40.25,29,440
5,49.6,42,441
1,98.0,39,442
2,98.0,48,444
10,85.1,29,445
2,100.0,25,450
13,100.0,23,451
17,100.0,42,456
10,100.0,29,457
5,100.0,26,460
6,100.0,34,462
8,100.0,37,464
2,100.0,37,465
2,100.0,40,468
8,97.6,43,469
1,87.06,30,470
14,93.77,36,472
3,100.0,61,473
2,100.0,39,475
6,99.66,33,476
7,100.0,31,478
2,91.44,48,480
3,87.33,25,482
7,100.0,28,483
10,89.38,27,485
2,95.55,34,488
2,100.0,38,490
13,95.55,37,491
10,89.38,43,492
14,86.3,43,493
15,95.13,46,494
3,36.11,42,495
9,50.18,50,496
8,100.0,44,497
13,93.16,27,498
2,95.55,51,500
1,50.14,41,501
5,49.06,48,502
17,54.99,42,503
6,43.13,49,504
3,58.22,30,505
1,51.21,45,506
5,44.21,48,507
2,54.45,32,508
6,53.37,46,509
1,63.61,48,510
9,43.13,33,511
2,48.52,31,512
6,58.22,20,513
1,51.75,29,514
8,57.68,27,515
1,56.07,24,516
12,48.52,37,517
9,44.21,25,518
5,57.68,41,519
16,89.89,27,520
7,58.95,21,521
6,72.41,22,522
7,98.63,32,523
9,52.83,25,524
3,100.0,42,525
1,51.75,25,526
16,100.0,37,527
2,99.55,44,529
8,100.0,43,531
6,100.0,42,532
7,100.0,29,534
13,100.0,40,535
14,100.0,20,542
4,100.0,32,543
9,100.0,29,544
1,56.3,49,548
5,42.64,34,549
11,100.0,59,550
12,100.0,36,552
3,100.0,43,553
4,100.0,21,554
7,100.0,32,555
17,100.0,31,561
9,100.0,49,564
11,100.0,45,566
7,100.0,36,567
1,99.52,39,572
4,57.55,28,573
7,54.57,25,574
14,100.0,24,577
11,100.0,34,581
10,100.0,44,584
14,100.0,21,585
7,100.0,30,587
16,100.0,26,590
5,100.0,32,591
17,100.0,48,593
7,74.04,44,594
2,100.0,76,598
5,100.0,37,599
2,82.39,38,600
6,72.38,43,601
3,79.31,48,602
3,82.39,26,603
4,88.55,38,604
2,63.14,20,605
10,73.92,22,606
15,90.86,45,607
4,85.47,45,608
14,66.99,20,609
5,64.68,47,610
4,73.92,46,611
9,83.93,23,612
10,74.69,33,613
10,90.86,29,614
8,82.39,44,615
1,92.4,41,616
6,91.63,20,617
14,78.54,37,618
1,65.45,55,620
7,100.0,22,621
4,67.76,31,622
3,79.22,49,623
4,73.92,61,624
9,83.93,39,625
1,100.0,31,627
12,100.0,25,629
11,100.0,48,630
10,100.0,47,633
16,100.0,38,634
5,100.0,29,640
7,100.0,47,642
9,100.0,25,644
8,32.47,30,645
3,100.0,22,646
2,64.69,27,647
3,100.0,34,648
15,43.05,34,650
4,100.0,39,656
2,100.0,43,657
10,100.0,20,659
7,100.0,26,669
13,100.0,42,671
5,88.0,25,677
2,67.8,50,680
6,50.25,32,681
5,53.88,42,682
10,62.36,24,683
8,69.62,27,684
12,57.51,26,685
9,61.15,38,686
13,59.33,42,687
3,71.44,23,688
6,62.96,21,689
9,50.85,28,690
1,72.65,33,691
15,62.96,25,692
4,61.75,28,693
2,49.04,46,694
16,61.15,30,695
9,84.25,38,696
2,56.91,40,697
1,49.3,27,699
1,72.65,42,700
4,63.57,36,701
12,100.0,29,702
15,100.0,46,707
9,100.0,46,709
9,100.0,35,710
8,98.18,22,713
7,99.41,34,714
8,100.0,50,715
8,100.0,36,718
10,37.48,33,720
7,100.0,38,722
11,36.42,20,723
5,100.0,22,724
11,100.0,27,725
8,98.18,56,726
7,99.41,38,727
4,100.0,25,728
10,100.0,31,733
11,100.0,44,735
7,100.0,46,738
2,100.0,47,739
13,100.0,37,740
2,100.0,31,741
17,100.0,24,742
14,100.0,31,743
8,64.69,35,745
10,100.0,40,749
16,98.99,31,750
2,100.0,6,751
2,100.0,45,752
2,54.09,22,753
6,68.67,45,754
2,65.02,43,755
2,61.99,46,756
9,69.28,39,757
18,71.1,31,758
7,69.28,41,759
12,60.16,44,760
2,70.49,45,761
13,69.89,37,762
2,61.38,35,763
7,59.55,28,764
11,61.99,30,765
10,49.22,30,766
11,69.28,25,767
7,57.73,29,768
2,57.73,26,769
11,53.48,41,770
5,52.87,34,771
11,61.21,35,772
1,61.38,34,773
7,61.99,41,775
7,96.86,22,776
7,48.62,35,777
5,38.5,44,778
11,61.99,47,779
10,49.22,19,780
2,90.39,34,781
8,71.81,29,782
3,69.27,49,783
14,85.32,30,784
9,70.96,21,785
7,76.88,50,786
3,76.03,24,788
4,98.84,27,789
10,86.17,33,790
9,90.39,35,791
1,71.81,31,792
4,82.79,25,793
7,82.79,27,794
9,100.0,31,795
2,69.27,42,799
18,74.77,21,800
15,76.88,34,801
3,76.03,42,802
4,98.84,15,803
6,70.87,29,804
4,58.15,46,805
6,61.78,30,806
10,49.67,30,807
18,51.48,42,808
5,61.18,46,809
13,64.2,25,810
5,65.42,32,811
6,64.81,30,812
3,49.67,40,813
5,60.57,28,814
2,55.72,23,815
6,61.18,29,816
6,58.75,34,817
5,63.6,37,818
10,49.06,20,819
2,48.46,32,820
3,52.09,34,821
5,52.7,42,822
1,62.16,30,824
3,49.67,23,825
4,53.3,22,826
2,55.72,55,828
6,61.18,36,829
5,100.0,23,834
8,100.0,22,838
3,100.0,40,839
4,100.0,29,841
11,100.0,25,847
1,52.67,24,849
7,94.79,32,852
8,47.18,21,853
7,78.11,26,854
10,100.0,27,859
7,100.0,39,861
12,100.0,44,867
1,100.0,44,871
7,100.0,27,874
10,64.9,26,875
3,52.32,25,876
2,100.0,49,877
12,100.0,41,879
2,100.0,55,880
12,83.07,27,881
12,90.17,31,883
9,91.18,47,885
9,89.15,37,888
1,93.21,28,889
7,90.17,37,890
1,88.14,50,894
10,96.24,31,895
12,100.0,47,897
4,100.0,37,899
5,90.17,31,901
6,87.13,41,903
6,45.25,32,906
1,88.14,10,907
14,57.46,35,908
2,64.33,28,909
14,73.7,46,910
3,71.2,20,911
11,49.97,30,912
4,69.96,48,913
2,53.72,28,914
11,68.08,39,915
3,51.84,24,916
9,67.46,28,917
6,58.71,31,918
5,63.71,45,919
3,58.09,24,920
3,53.72,49,921
1,63.08,32,922
5,68.71,43,923
14,50.59,37,924
9,64.96,24,925
6,53.72,35,926
13,29.87,41,927
17,100.0,26,928
10,64.96,34,929
5,70.58,49,930
6,44.21,28,931
4,68.08,40,932
3,59.96,37,933
3,53.72,31,934
18,83.44,41,935
9,89.46,21,936
2,96.34,40,937
13,74.84,46,938
11,79.14,44,939
7,73.12,46,940
10,81.72,41,941
7,89.46,32,942
4,87.74,46,943
10,94.62,49,945
1,73.98,21,946
15,84.3,32,947
2,98.06,34,948
4,98.06,21,949
13,96.34,21,950
7,83.44,31,951
15,94.62,21,952
5,45.86,25,953
3,82.58,28,954
6,64.97,43,955
5,86.74,22,956
5,93.01,37,957
18,72.26,28,958
7,74.84,30,959
1,73.98,44,960
13,97.39,30,963
2,90.06,20,964
1,89.01,31,967
8,100.0,30,970
2,84.82,37,974
8,85.87,26,978
7,47.04,48,980
18,39.8,40,981
4,100.0,44,983
5,94.22,21,984
5,100.0,35,985
2,86.92,29,986
2,84.82,21,987
9,100.0,28,995
6,100.0,22,999
12,100.0,32,1000
9,100.0,32,1004
9,69.12,24,1006
9,61.52,24,1010
15,100.0,22,1017
14,100.0,32,1020
7,100.0,21,1021
16,100.0,47,1023
10,100.0,28,1027
10,100.0,50,1029
9,100.0,36,1036
9,100.0,20,1040
5,100.0,25,1042
5,100.0,36,1043
12,100.0,27,1050
6,100.0,48,1054
12,93.49,32,1055
9,56.85,27,1057
1,100.0,55,1061
9,100.0,60,1062
6,100.0,35,1063
8,100.0,28,1064
7,95.8,21,1066
10,97.81,22,1068
9,88.74,29,1069
11,80.67,49,1072
5,80.67,23,1075
8,95.8,48,1076
14,100.0,42,1077
15,100.0,47,1078
11,91.76,40,1081
3,100.0,23,1082
2,93.04,41,1085
5,84.71,25,1086
4,89.75,24,1088
14,100.0,48,1089
9,68.35,26,1090
13,73.17,21,1091
10,78.0,45,1092
10,86.04,36,1093
5,81.21,21,1094
5,70.76,32,1095
17,82.82,30,1096
6,94.88,36,1097
11,86.04,33,1098
5,78.0,35,1099
12,95.69,37,1100
6,73.17,41,1101
2,76.39,20,1102
2,86.84,45,1103
6,69.96,38,1104
15,70.76,43,1105
8,78.8,49,1106
13,80.41,27,1107
1,73.98,46,1108
10,59.1,38,1109
5,66.74,25,1110
10,60.3,46,1111
9,100.0,40,1113
16,100.0,46,1114
16,82.34,38,1116
2,94.25,42,1118
4,95.24,29,1120
1,86.31,33,1121
5,79.37,32,1122
11,87.3,28,1123
1,100.0,33,1125
5,84.33,36,1126
5,89.29,26,1127
2,96.23,26,1129
2,91.27,33,1132
4,73.08,45,1136
7,100.0,50,1137
5,89.29,21,1139
9,100.0,42,1142
4,100.0,28,1149
14,100.0,40,1155
7,100.0,55,1160
10,96.49,43,1163
11,100.0,28,1168
10,100.0,36,1169
8,100.0,48,1170
9,100.0,45,1172
15,100.0,35,1173
6,100.0,39,1181
11,100.0,32,1182
12,67.91,26,1184
2,84.88,44,1185
4,70.83,32,1187
1,100.0,65,1188
12,67.77,43,1190
16,49.74,35,1191
13,50.36,45,1192
2,67.14,47,1193
8,64.66,21,1194
8,68.39,38,1195
3,50.36,21,1196
9,72.74,43,1197
8,54.09,46,1198
1,58.44,38,1199
1,52.22,26,1200
5,52.84,31,1201
3,54.71,48,1202
9,50.36,33,1203
1,57.2,38,1204
3,55.95,39,1205
16,67.14,42,1206
4,59.06,44,1207
2,69.63,29,1208
8,55.95,26,1209
1,53.47,31,1210
12,89.12,32,1211
1,52.22,36,1214
17,100.0,41,1215
8,99.52,27,1216
12,100.0,34,1218
5,100.0,20,1224
9,85.75,45,1225
1,85.75,50,1228
12,84.7,22,1230
6,86.81,48,1231
14,86.81,47,1232
6,60.49,50,1236
6,57.55,22,1237
17,100.0,45,1238
6,100.0,58,1239
5,100.0,51,1240
16,100.0,23,1257
13,100.0,49,1259
1,100.0,38,1264
4,86.51,22,1267
8,89.27,28,1268
7,85.59,36,1269
10,100.0,39,1271
14,75.46,21,1272
15,97.55,24,1274
5,85.59,29,1275
1,94.79,38,1276
3,90.19,42,1278
17,100.0,35,1279
6,80.99,35,1280
2,89.27,38,1281
1,81.91,41,1282
8,62.72,43,1285
3,90.19,6,1287
6,92.95,66,1288
10,82.5,41,1289
4,97.42,23,1290
1,92.16,43,1291
7,70.22,24,1292
6,83.38,22,1293
1,73.73,26,1294
8,74.6,35,1295
8,77.24,47,1296
14,100.0,50,1297
8,87.77,45,1298
2,89.53,39,1299
5,89.53,23,1300
11,75.48,42,1301
9,89.53,20,1302
12,71.09,33,1303
8,90.4,39,1306
5,86.01,50,1308
7,86.89,41,1311
7,58.58,28,1312
11,75.48,16,1314
13,100.0,41,1328
10,99.29,25,1330
14,99.29,22,1332
6,57.53,29,1338
9,47.29,41,1342
3,49.81,50,1343
9,53.83,43,1344
9,43.27,29,1345
6,42.76,30,1346
7,53.83,25,1347
2,44.78,49,1348
6,49.3,40,1349
9,44.78,41,1350
4,53.33,21,1351
1,45.28,46,1352
14,40.25,39,1353
7,59.87,45,1354
4,59.87,21,1355
7,58.36,44,1356
14,59.87,44,1357
9,51.82,29,1358
4,49.3,34,1359
1,56.85,39,1360
8,79.86,24,1362
6,100.0,29,1363
7,59.87,35,1367
4,59.87,26,1368
15,100.0,28,1370
12,100.0,31,1371
7,100.0,33,1374
8,100.0,32,1376
7,100.0,41,1377
14,100.0,35,1378
17,100.0,34,1383
15,100.0,40,1385
13,58.18,28,1390
8,67.14,49,1391
9,61.29,42,1393
8,57.73,23,1394
2,81.25,29,1395
1,80.54,25,1396
15,71.98,39,1397
12,69.84,44,1398
16,76.26,25,1399
6,76.26,45,1400
2,83.39,25,1401
12,57.73,37,1402
4,66.99,30,1403
1,75.55,36,1404
1,60.58,26,1405
7,73.41,23,1406
3,72.7,23,1407
2,66.99,25,1408
5,63.43,26,1410
9,85.25,44,1411
2,100.0,24,1412
4,66.99,66,1413
7,57.73,36,1414
13,85.25,36,1415
12,77.9,22,1416
6,60.26,25,1417
5,72.76,37,1418
3,75.69,32,1419
16,74.22,47,1420
4,69.82,37,1421
10,62.47,20,1422
3,82.31,41,1423
1,60.26,21,1424
8,76.43,22,1425
5,80.1,40,1426
5,74.96,32,1427
11,66.14,36,1428
1,72.02,27,1429
6,87.45,26,1430
3,70.55,30,1431
4,56.84,23,1432
7,59.53,29,1433
10,60.37,21,1434
8,76.43,26,1436
11,64.67,60,1437
6,55.49,35,1438
2,69.36,47,1439
8,60.69,20,1440
2,54.33,20,1441
4,65.31,25,1442
9,69.36,25,1443
8,68.78,27,1444
3,60.11,31,1445
3,66.47,44,1446
4,46.82,49,1447
8,56.07,26,1448
6,54.33,36,1449
2,52.6,44,1450
1,46.82,28,1451
2,64.74,45,1452
11,46.82,29,1453
5,53.75,40,1454
2,61.85,45,1455
11,53.18,44,1456
14,69.16,25,1457
4,47.4,48,1459
14,60.76,44,1460
12,97.27,25,1461
2,91.76,22,1462
2,50.29,31,1463
2,52.6,21,1464
1,46.82,55,1465
1,98.05,35,1467
3,93.54,35,1468
7,95.8,43,1469
15,100.0,44,1470
10,100.0,48,1472
15,90.16,25,1475
2,91.29,32,1476
7,87.78,30,1485
10,84.39,27,1486
2,96.92,50,1487
15,59.37,29,1492
1,59.87,50,1493
1,49.81,26,1494
8,56.85,47,1495
7,53.33,23,1496
5,42.76,34,1497
1,53.83,34,1498
6,53.83,47,1499
12,49.81,45,1500
5,53.33,45,1501
3,43.27,36,1502
10,40.25,21,1503
1,48.3,28,1504
1,45.28,35,1505
13,52.32,50,1506
3,51.32,22,1507
8,49.3,45,1508
5,42.26,48,1509
5,87.96,20,1510
6,36.21,27,1511
11,38.5,38,1512
3,100.0,32,1513
10,40.25,64,1514
13,60.37,37,1515
4,88.63,28,1516
5,94.1,41,1518
16,87.54,40,1519
11,100.0,49,1520
9,98.48,27,1521
5,96.29,23,1523
6,88.63,31,1524
1,97.38,34,1525
11,95.2,25,1526
14,87.54,47,1531
7,50.65,21,1532
2,71.73,28,1533
3,94.1,46,1534
11,41.71,33,1535
16,100.0,43,1536
5,96.29,38,1537
6,88.63,47,1538
3,31.2,45,1539
3,35.51,20,1540
2,37.84,45,1541
7,33.19,36,1542
5,27.22,37,1543
9,31.53,31,1544
6,36.84,39,1545
10,29.21,26,1546
5,37.17,32,1547
3,34.19,20,1548
6,29.21,42,1549
1,29.54,33,1550
12,28.88,20,1551
1,38.17,29,1552
16,30.2,23,1553
13,29.54,39,1554
6,81.91,45,1556
6,35.18,20,1557
13,36.29,23,1559
4,70.56,32,1560
1,29.54,61,1562
1,26.88,45,1563
7,83.03,38,1564
5,83.79,34,1565
7,83.03,43,1566
11,83.03,47,1567
1,67.03,22,1568
6,75.41,29,1569
14,68.55,28,1570
6,91.4,40,1571
7,73.88,25,1572
4,61.7,30,1573
6,69.31,38,1574
3,87.6,36,1575
1,87.6,32,1576
7,62.46,37,1577
6,79.98,30,1578
11,70.08,39,1579
1,65.51,32,1580
4,63.22,47,1581
6,86.83,26,1582
4,94.43,37,1583
8,79.98,55,1584
2,81.4,49,1587
3,87.6,59,1588
16,100.0,33,1595
7,100.0,35,1599
4,71.97,29,1610
7,50.33,34,1611
3,80.54,28,1613
10,100.0,23,1615
2,53.76,46,1616
2,44.35,39,1617
1,45.25,22,1618
6,49.28,49,1619
4,36.29,43,1620
8,41.22,27,1621
5,36.74,31,1622
9,50.62,20,1623
4,38.08,24,1624
2,47.94,49,1625
5,48.38,24,1626
9,45.25,39,1627
2,45.7,37,1628
11,47.49,45,1629
4,48.38,45,1630
15,39.42,44,1631
12,37.63,23,1632
10,85.52,26,1634
1,53.76,43,1635
7,31.86,26,1636
12,30.59,28,1637
5,68.35,27,1638
2,45.7,40,1640
17,100.0,32,1646
12,100.0,46,1650
10,100.0,24,1658
5,100.0,42,1661
10,100.0,70,1666
15,58.87,35,1668
2,76.88,32,1669
16,61.64,29,1670
3,60.95,27,1671
11,80.34,27,1672
11,74.11,38,1673
6,72.03,35,1674
3,76.19,42,1675
11,63.72,21,1676
4,80.34,37,1677
4,79.65,26,1678
8,65.8,47,1679
6,65.1,37,1680
12,75.49,46,1681
3,59.56,38,1682
6,66.49,33,1683
2,56.1,24,1684
7,81.73,31,1685
1,81.03,42,1686
3,70.65,41,1688
14,61.23,43,1689
4,65.13,35,1691
4,79.65,27,1692
11,78.15,43,1693
10,72.7,32,1694
4,73.6,21,1695
1,74.51,22,1697
14,73.6,36,1698
2,83.6,46,1699
8,96.32,47,1700
1,88.14,45,1701
14,88.14,47,1702
6,94.5,47,1703
3,87.24,38,1704
3,79.97,49,1705
9,80.87,35,1706
4,93.6,28,1708
1,72.7,30,1709
7,86.72,39,1710
6,37.5,36,1713
6,94.5,76,1714
10,39.6,44,1716
1,30.06,24,1717
12,38.19,39,1718
6,42.43,21,1719
4,40.31,30,1720
13,31.82,27,1721
2,31.12,37,1722
7,31.82,42,1723
7,28.29,32,1724
8,29.7,42,1725
3,40.31,21,1726
2,32.88,33,1727
6,36.07,49,1728
5,33.24,31,1729
6,41.72,38,1730
2,40.66,20,1731
9,30.06,39,1732
6,31.47,48,1733
15,37.13,39,1734
2,37.13,33,1736
3,37.13,36,1737
4,82.94,36,1738
6,38.9,46,1741
6,36.07,30,1742
13,74.68,49,1744
4,59.6,41,1745
5,67.14,35,1746
8,60.97,27,1747
6,72.62,23,1748
2,69.88,21,1749
5,80.84,34,1750
2,69.2,22,1751
5,67.82,48,1752
1,82.21,43,1753
5,81.53,32,1754
1,67.82,20,1755
10,67.14,24,1756
2,65.08,40,1757
12,73.99,30,1758
8,71.25,21,1759
2,75.36,25,1760
10,63.71,34,1761
1,58.92,48,1762
12,100.0,55,1763
5,74.68,25,1764
7,70.44,38,1765
1,55.96,39,1766
3,57.55,28,1767
2,61.66,24,1768
1,67.82,21,1769
10,100.0,46,1770
9,93.95,25,1771
13,100.0,20,1775
1,100.0,23,1776
5,98.65,28,1780
11,42.26,44,1786
5,87.24,24,1787
7,36.29,44,1789
5,98.65,59,1790
8,96.3,55,1791
6,32.1,29,1792
4,30.96,39,1793
1,35.87,20,1794
1,42.67,25,1795
2,37.0,42,1796
4,35.49,36,1797
8,42.67,37,1798
13,30.59,30,1799
2,37.0,21,1800
12,43.42,34,1801
3,36.63,42,1802
2,44.56,20,1803
7,42.67,40,1804
8,40.4,34,1805
8,38.89,31,1806
6,39.65,36,1807
10,34.36,48,1808
4,41.91,33,1809
12,33.23,37,1810
13,42.24,27,1811
9,40.4,39,1812
4,38.52,36,1813
2,44.56,47,1817
7,42.67,15,1818
4,72.58,44,1819
13,87.62,35,1820
4,94.71,41,1821
1,98.25,49,1822
2,91.17,31,1823
11,79.66,20,1824
2,72.58,45,1825
2,74.35,33,1826
8,83.2,47,1827
2,89.4,20,1828
14,70.81,47,1829
2,94.71,40,1830
3,91.17,22,1832
8,92.94,34,1834
3,84.97,46,1835
2,84.08,31,1836
1,86.74,24,1837
3,85.85,41,1838
13,100.0,55,1839
12,57.32,33,1841
2,97.87,43,1842
7,83.2,27,1843
5,100.0,60,1844
12,73.62,27,1845
11,83.04,49,1846
5,73.62,31,1847
4,77.05,20,1848
2,81.33,24,1849
15,94.17,33,1850
3,72.77,32,1851
9,79.62,40,1852
2,79.62,27,1853
15,79.62,40,1854
7,81.33,26,1855
4,96.74,44,1856
4,71.06,33,1857
10,68.49,34,1858
6,74.48,48,1859
5,83.04,25,1860
2,84.75,39,1861
12,34.19,45,1862
1,79.62,46,1864
9,79.06,44,1865
7,81.33,13,1866
10,96.74,35,1867
5,63.07,30,1868
9,50.21,34,1869
6,66.13,27,1870
6,68.58,30,1871
1,69.8,50,1872
1,50.21,34,1873
13,65.52,23,1874
2,60.01,48,1875
7,64.9,34,1876
1,48.98,48,1877
8,50.21,24,1878
2,62.45,47,1879
12,52.66,24,1880
13,62.45,47,1881
2,61.23,20,1882
11,67.97,20,1883
4,58.78,31,1884
9,56.94,38,1885
2,61.23,26,1886
10,62.45,48,1888
6,62.45,44,1889
15,100.0,21,1890
6,41.54,46,1891
6,52.84,46,1892
12,52.66,55,1893
14,52.6,31,1894
5,72.98,20,1895
6,59.18,29,1896
9,77.59,33,1897
7,55.89,34,1898
3,63.12,32,1899
6,73.64,27,1900
3,69.04,21,1901
6,71.67,27,1902
2,77.59,36,1903
6,70.35,43,1904
2,69.7,25,1905
11,70.35,46,1906
3,72.33,24,1907
13,71.67,39,1908
9,53.92,31,1909
3,71.67,22,1910
11,76.93,47,1911
2,72.98,20,1912
14,99.69,29,1913
4,68.38,38,1914
11,66.0,46,1916
9,63.76,35,1917
13,71.67,34,1918
3,57.2,38,1919
2,69.7,18,1920
14,100.0,37,1921
13,100.0,43,1922
6,100.0,30,1924
4,98.51,22,1925
17,100.0,49,1926
11,91.02,48,1928
4,87.81,46,1929
2,92.09,48,1930
9,86.73,27,1931
2,96.37,22,1935
7,92.09,46,1936
4,89.95,21,1937
13,37.18,31,1938
6,95.88,26,1939
4,99.58,20,1940
9,86.73,43,1942
1,79.67,50,1944
10,90.57,35,1945
1,77.99,50,1946
14,80.51,23,1947
12,67.93,37,1948
8,83.86,29,1949
11,72.12,21,1950
8,85.54,36,1951
5,86.38,22,1952
7,89.73,22,1953
11,80.51,46,1954
2,76.31,23,1955
16,87.21,49,1956
3,83.02,48,1957
5,72.96,33,1958
14,77.15,22,1959
8,91.41,22,1960
16,92.25,25,1961
2,92.25,20,1962
16,59.36,42,1963
10,60.34,25,1964
2,85.54,37,1966
8,90.57,37,1967
8,72.96,42,1968
2,76.31,51,1969
5,100.0,43,1971
11,100.0,50,1986
13,100.0,26,1988
1,94.58,31,1992
3,53.27,33,1993
3,100.0,76,1995
8,100.0,70,1996
11,64.83,50,1997
2,70.29,28,1998
3,81.89,50,1999
6,66.19,28,2000
4,77.11,44,2001
18,73.02,27,2002
3,72.33,30,2003
3,66.19,43,2004
16,69.6,29,2005
3,56.64,48,2006
12,60.05,33,2007
13,75.06,40,2008
8,61.42,48,2009
18,81.89,41,2010
10,55.96,21,2011
6,71.65,32,2012
16,76.43,43,2013
8,77.79,30,2014
3,76.43,35,2015
11,96.92,45,2016
3,59.37,34,2017
13,73.0,39,2019
12,73.32,41,2020
2,68.24,41,2021
12,60.05,64,2022
13,75.06,18,2023
1,34.47,49,2024
5,34.47,48,2025
4,33.23,46,2026
9,38.98,26,2027
7,38.98,37,2028
11,33.23,35,2029
8,42.26,23,2030
12,41.03,22,2031
2,33.23,39,2032
5,34.88,44,2033
8,43.9,27,2034
1,36.93,46,2035
14,41.85,33,2036
3,40.62,33,2037
1,40.21,24,2038
15,35.29,31,2039
14,77.24,41,2040
4,97.44,22,2041
3,37.34,46,2042
12,95.03,43,2043
1,36.93,15,2044
3,43.49,15,2045
7,96.99,20,2048
1,94.62,40,2049
8,99.36,24,2051
7,100.0,37,2056
9,50.32,28,2068
4,93.91,21,2069
15,100.0,25,2072
3,86.68,26,2073
15,100.0,34,2074
1,90.57,20,2076
5,91.55,42,2077
4,100.0,20,2080
10,97.39,33,2081
7,90.57,39,2082
4,86.68,40,2084
4,78.89,46,2085
2,97.39,48,2086
6,78.89,21,2087
7,100.0,44,2090
2,50.31,39,2093
6,100.0,41,2094
3,86.92,40,2095
4,78.89,28,2097
3,63.76,26,2098
9,85.49,29,2099
4,77.52,46,2100
15,84.77,33,2101
10,78.25,48,2102
8,71.0,40,2103
10,74.62,23,2104
4,81.14,40,2105
5,74.62,37,2106
11,75.35,24,2107
10,62.31,27,2108
2,71.0,21,2109
5,72.45,23,2110
8,83.32,44,2111
1,83.32,35,2112
4,60.86,43,2113
1,84.77,40,2114
3,89.9,35,2115
1,62.46,25,2116
8,63.34,50,2118
14,78.25,45,2119
4,81.14,52,2120
5,74.62,48,2121
10,68.71,31,2122
14,71.14,29,2123
11,87.31,23,2124
11,64.67,31,2125
6,67.1,23,2126
6,94.58,24,2127
1,71.14,28,2128
7,66.29,44,2129
6,92.16,22,2130
13,70.33,46,2131
7,93.77,22,2132
3,87.31,38,2133
1,83.27,47,2134
7,75.18,48,2135
16,88.12,40,2136
1,80.84,32,2137
14,97.01,49,2138
2,85.69,43,2139
9,95.39,28,2142
10,82.42,30,2145
3,96.31,43,2148
3,97.27,37,2154
14,80.9,49,2155
8,100.0,25,2157
11,86.68,45,2159
1,85.72,32,2160
8,82.83,29,2161
3,83.79,26,2162
6,87.64,27,2164
11,98.18,20,2165
6,100.0,26,2170
11,86.68,41,2172
8,92.9,20,2173
12,93.9,33,2176
7,98.89,44,2178
5,79.91,46,2179
8,79.91,31,2183
7,81.91,23,2184
12,98.89,37,2185
5,79.91,24,2187
11,63.91,45,2189
5,81.17,46,2191
1,94.9,44,2194
13,43.45,27,2197
17,44.66,31,2198
14,40.23,33,2199
1,35.8,31,2200
9,35.4,35,2201
9,39.83,26,2202
4,45.46,34,2203
1,32.99,46,2204
9,42.24,41,2205
2,39.43,43,2206
2,40.23,26,2207
6,48.28,36,2208
4,32.59,20,2209
10,36.61,27,2210
1,41.03,37,2211
4,42.24,24,2212
17,43.05,36,2213
5,38.22,29,2214
10,39.83,38,2217
1,48.28,48,2218
1,82.46,40,2219
11,44.56,41,2220
2,40.23,30,2221
11,47.62,35,2222
2,55.73,28,2223
13,51.95,45,2224
7,45.99,24,2225
5,63.85,41,2226
14,45.99,48,2227
3,63.31,50,2228
8,62.77,33,2229
8,43.29,32,2230
9,60.06,27,2231
4,55.19,35,2232
3,54.11,23,2233
7,48.7,35,2234
6,43.83,40,2235
7,47.62,35,2236
3,55.19,31,2237
10,46.53,50,2238
7,57.9,40,2239
1,45.45,38,2240
3,60.6,40,2242
1,46.53,33,2243
2,66.47,20,2245
5,53.18,32,2246
3,62.77,36,2247
7,48.7,19,2248
6,43.83,11,2249
4,65.87,49,2250
1,63.38,27,2251
6,70.84,29,2252
16,74.57,42,2253
2,50.95,33,2254
7,53.44,44,2255
6,64.0,22,2256
1,50.95,48,2257
1,54.68,33,2258
2,56.55,45,2259
6,52.82,20,2260
4,60.9,46,2261
6,49.71,40,2262
6,64.63,45,2263
9,59.65,36,2264
3,67.73,31,2265
17,50.33,46,2266
9,66.49,35,2267
9,84.71,31,2269
11,99.55,30,2272
8,36.07,44,2273
4,60.28,30,2274
6,49.71,24,2275
7,75.63,45,2276
1,68.52,23,2277
7,62.7,26,2278
7,60.76,28,2279
4,58.18,49,2280
5,54.94,49,2281
12,74.98,29,2282
4,64.64,49,2283
7,54.94,39,2284
2,58.82,36,2285
7,62.05,39,2286
12,73.04,30,2287
5,69.16,44,2288
2,61.41,20,2289
5,63.35,21,2290
12,77.57,36,2291
7,71.75,32,2292
2,73.04,36,2293
10,56.24,34,2294
4,73.69,33,2296
5,69.16,27,2301
2,61.41,44,2302
5,72.92,33,2303
11,72.23,29,2304
6,57.1,49,2305
1,81.86,20,2306
12,73.61,31,2307
10,59.16,39,2308
12,66.04,20,2309
6,77.73,34,2310
7,61.22,50,2311
2,79.11,40,2312
12,63.97,28,2313
4,81.86,50,2314
7,79.8,28,2315
10,66.04,46,2316
2,59.16,24,2317
5,81.17,24,2318
3,59.16,39,2319
7,44.51,40,2320
2,72.33,49,2321
4,82.26,44,2322
8,100.0,35,2323
4,67.41,22,2324
6,77.73,62,2325
7,61.22,26,2326
16,100.0,31,2327
3,86.74,25,2328
17,89.8,30,2329
12,100.0,23,2331
4,85.72,42,2334
12,100.0,37,2335
7,97.97,34,2339
3,84.7,50,2343
4,71.02,31,2346
12,48.98,45,2350
6,40.15,39,2352
12,50.62,49,2353
7,50.19,27,2354
1,36.66,34,2355
1,41.02,20,2356
13,51.93,48,2357
1,38.4,29,2358
11,41.02,43,2359
13,46.26,41,2360
7,35.35,41,2361
8,51.93,36,2362
3,37.97,49,2363
13,45.39,38,2364
5,51.93,33,2365
1,48.44,26,2366
11,43.64,47,2367
3,47.57,34,2368
7,51.93,34,2369
4,50.62,40,2370
8,82.21,40,2371
3,82.59,33,2372
5,65.8,49,2373
5,36.66,49,2375
7,35.35,56,2376
8,51.93,37,2377
10,94.92,48,2383
5,94.92,28,2387
3,98.39,34,2392
8,71.4,31,2399
10,56.55,48,2401
13,100.0,29,2402
2,100.0,18,2405
2,53.31,32,2406
11,49.21,21,2407
4,69.12,46,2408
14,49.79,42,2409
13,57.41,31,2410
5,66.78,38,2411
4,64.44,38,2412
15,48.62,20,2413
7,62.09,46,2414
15,65.61,30,2415
4,68.54,30,2416
2,52.14,43,2417
4,63.85,49,2418
4,56.82,43,2419
7,66.78,37,2420
1,55.07,35,2421
15,60.34,34,2422
7,61.51,38,2423
17,100.0,44,2426
4,64.93,25,2427
9,58.58,24,2428
10,60.06,38,2429
4,63.85,51,2431
14,82.99,34,2432
1,74.85,44,2433
15,96.0,44,2434
2,81.36,38,2435
10,71.6,31,2436
10,80.55,48,2437
5,93.56,21,2438
2,66.72,40,2439
10,80.55,40,2440
3,77.29,50,2441
3,68.34,20,2442
7,72.41,48,2443
5,89.5,47,2444
11,70.78,21,2445
2,78.92,39,2446
5,80.55,44,2447
1,88.68,28,2448
6,77.29,45,2449
13,100.0,22,2455
3,68.34,31,2456
5,70.67,41,2457
14,76.67,25,2458
5,60.0,31,2459
2,64.0,41,2460
1,64.67,43,2461
12,75.34,43,2462
3,76.0,24,2463
3,54.0,21,2464
9,64.67,23,2465
3,74.67,38,2466
15,62.67,31,2467
3,70.67,36,2468
6,71.34,36,2469
4,62.0,34,2470
7,65.34,21,2471
9,78.67,45,2472
4,75.34,26,2473
3,54.0,50,2474
2,62.0,41,2475
1,60.0,39,2476
11,76.67,46,2478
1,77.34,25,2480
1,66.67,39,2481
6,71.34,37,2482
13,82.21,47,2484
8,77.64,24,2485
14,98.65,28,2488
2,83.12,48,2489
12,78.55,21,2490
14,100.0,25,2491
9,91.34,31,2493
4,84.03,40,2494
14,89.51,32,2495
6,83.12,24,2496
4,82.21,34,2499
5,88.6,30,2501
4,60.54,20,2503
6,81.87,37,2504
6,87.69,47,2506
8,100.0,11,2507
9,91.34,23,2508
12,70.15,29,2509
6,79.68,38,2510
3,97.0,32,2511
9,84.01,43,2512
8,87.48,31,2513
10,88.34,31,2515
10,94.4,30,2516
2,94.4,50,2517
4,97.0,23,2519
7,88.34,26,2520
2,86.61,43,2523
5,71.89,29,2524
10,91.81,38,2525
2,76.22,23,2526
9,70.3,36,2528
5,80.55,32,2532
13,100.0,34,2533
16,100.0,30,2534
7,94.14,29,2535
8,85.99,22,2536
9,91.43,32,2538
8,96.86,34,2540
5,99.57,24,2541
2,90.52,24,2542
4,88.71,33,2543
8,100.0,26,2544
4,95.95,40,2545
13,94.14,44,2546
5,90.52,24,2547
2,94.14,20,2548
5,97.76,34,2550
13,93.24,45,2551
15,71.25,55,2553
14,45.39,24,2555
15,84.41,32,2556
13,85.76,29,2557
5,87.8,46,2559
4,95.95,32,2560
4,82.77,26,2564
1,87.75,22,2567
14,99.72,26,2569
1,87.75,37,2570
10,88.75,38,2571
11,100.0,35,2572
6,90.75,33,2573
14,88.75,35,2577
6,100.0,23,2578
10,100.0,37,2579
7,87.75,55,2580
14,83.84,37,2584
8,86.76,22,2585
10,88.75,85,2586
3,65.77,31,2588
12,65.77,38,2589
3,85.29,45,2590
16,85.29,31,2591
1,64.33,36,2592
10,70.11,46,2593
1,76.62,32,2594
1,57.82,39,2595
7,78.79,50,2596
1,74.45,46,2597
13,80.95,36,2598
1,82.4,29,2599
4,75.89,32,2600
2,68.67,44,2601
5,62.16,42,2602
7,65.77,47,2603
2,58.55,44,2604
1,75.17,43,2605
18,74.45,48,2606
1,96.31,21,2607
9,74.35,50,2608
12,75.35,29,2609
16,70.33,41,2610
4,66.5,22,2612
4,75.89,31,2613
4,81.93,39,2619
11,85.98,42,2620
3,86.99,23,2621
6,89.01,26,2622
6,88.0,31,2624
1,80.92,45,2627
4,88.0,46,2628
11,85.98,27,2629
9,99.13,30,2632
7,82.83,32,2635
9,54.84,34,2638
1,80.92,46,2640
2,99.67,27,2643
2,96.11,25,2649
13,100.0,45,2653
6,100.0,31,2655
4,68.8,48,2659
5,72.42,44,2660
10,66.73,25,2661
2,96.11,21,2664
8,74.4,44,2666
14,76.0,43,2667
3,96.0,28,2668
1,86.4,43,2669
15,96.0,48,2670
3,82.4,38,2671
13,86.4,31,2672
15,67.2,26,2673
9,92.0,32,2674
10,67.2,44,2675
5,76.0,27,2676
15,73.6,43,2677
7,69.6,25,2678
3,80.8,22,2679
13,87.2,21,2680
5,75.2,48,2681
13,64.0,33,2682
6,81.95,43,2684
17,94.34,32,2687
10,65.6,29,2688
9,92.0,77,2689
10,67.2,39,2690
6,81.14,39,2691
6,91.15,42,2693
2,88.15,50,2695
4,92.16,44,2697
10,92.16,27,2699
1,96.16,48,2702
5,88.15,25,2704
8,86.15,40,2705
10,88.15,22,2706
4,90.15,32,2708
3,86.15,31,2709
2,80.0,43,2710
1,89.38,31,2711
13,77.34,31,2712
2,96.34,34,2713
2,92.08,45,2714
1,83.42,45,2718
7,85.41,30,2719
4,85.41,38,2720
14,100.0,28,2722
5,79.45,22,2724
11,93.35,35,2725
5,85.41,33,2726
17,95.34,31,2727
2,82.43,35,2728
8,90.37,35,2729
6,81.43,50,2730
11,89.38,38,2732
4,91.37,37,2735
3,86.61,37,2736
7,71.89,36,2737
16,100.0,25,2738
3,95.48,30,2740
8,90.37,27,2742
10,61.44,48,2743
1,59.22,26,2744
2,85.13,26,2745
5,85.87,34,2746
3,85.87,44,2747
17,82.91,39,2748
2,76.25,45,2749
2,63.67,40,2750
15,70.33,42,2751
2,74.03,43,2752
11,72.55,34,2753
12,62.19,38,2754
7,71.07,35,2755
17,72.55,31,2756
9,64.41,32,2757
5,86.62,47,2758
15,68.11,39,2759
7,62.19,44,2760
12,85.87,39,2761
8,57.86,50,2762
1,75.51,22,2763
17,55.62,45,2765
15,86.4,44,2766
12,87.36,36,2767
11,72.55,28,2768
12,62.19,43,2769
15,52.64,48,2770
6,48.17,28,2771
7,41.71,21,2772
10,50.65,37,2773
8,49.16,34,2774
4,41.71,40,2775
7,51.15,45,2776
4,52.14,28,2777
1,41.71,29,2778
3,44.69,48,2779
7,45.69,31,2780
3,57.61,32,2781
12,57.11,21,2782
4,58.6,32,2783
1,57.61,43,2784
10,45.19,21,2785
4,53.63,34,2786
12,43.7,34,2787
8,86.13,44,2788
6,76.31,27,2789
4,52.64,49,2790
12,95.2,23,2791
9,64.97,25,2792
16,87.15,50,2793
1,40.22,34,2794
4,56.12,20,2795
3,57.61,42,2796
8,56.78,25,2797
2,43.68,50,2798
8,64.97,32,2799
5,44.23,39,2800
4,60.06,50,2801
15,48.59,38,2802
6,50.23,40,2803
6,64.43,28,2804
12,50.23,42,2805
6,63.88,42,2806
18,63.34,36,2807
3,49.69,24,2808
9,65.52,23,2809
7,50.78,29,2810
10,45.86,37,2811
12,51.32,33,2812
1,60.06,32,2813
6,59.51,35,2814
5,55.69,40,2815
4,86.74,37,2816
5,97.16,42,2817
15,100.0,20,2818
1,62.24,34,2821
9,65.52,47,2822
