orderlineid,ORDERLINENUMBER,PRICEEACH,QUANTITYORDERED
0.0,2,95.7,30
1.0,5,81.35,34
2.0,2,94.74,41
3.0,6,83.26,45
4.0,14,100.0,49
5.0,1,96.66,36
6.0,9,86.13,29
7.0,1,100.0,48
8.0,2,98.57,22
9.0,14,100.0,41
10.0,1,100.0,37
11.0,7,100.0,23
12.0,2,100.0,28
13.0,2,100.0,34
14.0,1,92.83,45
15.0,6,100.0,36
16.0,9,100.0,23
17.0,5,100.0,41
18.0,1,94.74,46
19.0,1,100.0,42
20.0,9,100.0,41
21.0,13,72.55,20
22.0,12,34.91,21
23.0,4,76.36,42
24.0,7,100.0,24
25.0,2,100.0,66
26.0,11,100.0,26
27.0,1,100.0,29
28.0,11,100.0,38
29.0,11,100.0,37
30.0,8,100.0,45
31.0,1,100.0,21
32.0,4,100.0,34
33.0,8,100.0,23
34.0,11,100.0,42
35.0,6,100.0,47
36.0,3,100.0,35
37.0,2,100.0,29
38.0,9,100.0,34
39.0,6,100.0,32
40.0,9,100.0,21
13.0,2,100.0,34
29.0,11,100.0,37
35.0,6,100.0,47
44.0,3,100.0,48
45.0,1,100.0,40
46.0,3,100.0,26
47.0,1,100.0,30
48.0,10,100.0,32
49.0,2,100.0,41
50.0,3,100.0,36
51.0,4,100.0,24
16.0,9,100.0,23
53.0,6,100.0,50
54.0,5,99.91,39
55.0,3,96.34,29
56.0,5,100.0,27
57.0,9,100.0,37
58.0,17,100.0,37
59.0,4,100.0,27
60.0,12,100.0,42
61.0,4,96.34,38
62.0,5,100.0,24
63.0,2,100.0,23
64.0,4,100.0,47
65.0,1,100.0,22
66.0,5,100.0,44
67.0,5,100.0,40
68.0,4,100.0,22
69.0,9,100.0,47
70.0,1,96.34,39
13.0,2,100.0,34
72.0,4,100.0,45
73.0,2,100.0,20
74.0,4,68.92,40
75.0,8,51.15,26
76.0,5,100.0,39
77.0,5,44.51,50
78.0,1,100.0,45
79.0,5,100.0,45
59.0,4,100.0,27
81.0,2,100.0,46
82.0,4,100.0,31
83.0,8,100.0,33
84.0,16,100.0,22
85.0,3,100.0,20
86.0,11,100.0,41
87.0,3,100.0,45
88.0,4,100.0,49
89.0,1,100.0,34
90.0,3,100.0,49
91.0,9,100.0,39
92.0,4,100.0,43
93.0,4,100.0,41
50.0,3,100.0,36
95.0,8,100.0,27
96.0,11,100.0,29
97.0,1,100.0,20
98.0,3,100.0,37
46.0,3,100.0,26
100.0,3,76.67,39
68.0,4,100.0,22
65.0,1,100.0,22
103.0,7,86.77,21
104.0,9,100.0,66
105.0,4,100.0,56
106.0,2,100.0,50
107.0,11,100.0,46
108.0,2,100.0,33
109.0,15,100.0,49
110.0,13,100.0,32
111.0,9,100.0,44
112.0,12,100.0,24
113.0,9,100.0,26
114.0,6,100.0,45
115.0,8,100.0,39
116.0,12,100.0,49
85.0,3,100.0,20
118.0,1,100.0,27
119.0,4,100.0,30
120.0,6,100.0,25
121.0,1,100.0,24
122.0,9,100.0,22
123.0,17,100.0,33
124.0,6,64.93,47
125.0,8,48.05,25
126.0,5,75.47,26
127.0,6,54.68,48
128.0,3,100.0,39
32.0,4,100.0,34
130.0,2,100.0,32
131.0,9,100.0,64
132.0,3,100.0,19
133.0,4,100.0,42
134.0,8,100.0,31
68.0,4,100.0,22
136.0,4,100.0,26
97.0,1,100.0,20
138.0,2,100.0,21
139.0,9,100.0,33
140.0,1,100.0,28
136.0,4,100.0,26
142.0,15,100.0,31
143.0,4,100.0,48
144.0,9,100.0,50
12.0,2,100.0,28
146.0,12,100.0,26
130.0,2,100.0,32
111.0,9,100.0,44
119.0,4,100.0,30
150.0,13,100.0,38
151.0,7,100.0,40
152.0,8,61.99,46
153.0,2,100.0,26
154.0,2,100.0,27
155.0,9,100.0,43
156.0,4,65.63,35
157.0,6,100.0,37
158.0,7,46.9,37
154.0,2,100.0,27
160.0,12,100.0,38
161.0,6,100.0,33
162.0,10,100.0,42
163.0,7,100.0,42
164.0,7,100.0,48
49.0,2,100.0,41
166.0,2,100.0,30
167.0,14,100.0,27
168.0,3,100.0,21
169.0,8,100.0,20
49.0,2,100.0,41
171.0,9,100.0,27
172.0,3,100.0,28
173.0,13,100.0,24
174.0,14,100.0,44
175.0,3,100.0,50
176.0,12,100.0,21
177.0,5,100.0,33
178.0,10,100.0,33
179.0,3,100.0,31
180.0,5,71.47,41
181.0,2,79.65,45
182.0,3,85.39,33
183.0,7,76.0,45
184.0,4,99.04,26
185.0,13,100.0,12
186.0,15,100.0,41
139.0,9,100.0,33
81.0,2,100.0,46
189.0,12,100.0,33
190.0,11,100.0,20
191.0,3,100.0,44
108.0,2,100.0,33
193.0,13,100.0,21
194.0,5,100.0,47
195.0,13,100.0,46
130.0,2,100.0,32
197.0,2,100.0,42
198.0,2,100.0,44
199.0,2,100.0,35
17.0,5,100.0,41
201.0,8,100.0,46
202.0,13,100.0,31
203.0,5,100.0,38
204.0,8,64.0,42
205.0,10,57.22,33
206.0,8,52.36,48
207.0,8,100.0,42
39.0,6,100.0,32
209.0,10,100.0,34
210.0,1,69.12,33
211.0,2,100.0,36
95.0,8,100.0,27
138.0,2,100.0,21
214.0,8,100.0,21
215.0,8,100.0,38
216.0,5,100.0,30
217.0,6,100.0,49
218.0,1,100.0,43
17.0,5,100.0,41
215.0,8,100.0,38
172.0,3,100.0,28
218.0,1,100.0,43
223.0,13,100.0,25
224.0,6,100.0,38
225.0,3,100.0,41
226.0,6,100.0,28
223.0,13,100.0,25
228.0,8,100.0,41
128.0,3,100.0,39
230.0,11,100.0,21
171.0,9,100.0,27
232.0,6,99.21,33
233.0,3,100.0,29
234.0,8,100.0,49
234.0,8,100.0,49
97.0,1,100.0,20
237.0,9,63.2,39
238.0,6,100.0,40
90.0,3,100.0,49
31.0,1,100.0,21
241.0,4,100.0,50
97.0,1,100.0,20
243.0,5,100.0,49
150.0,13,100.0,38
245.0,13,100.0,35
246.0,8,100.0,40
140.0,1,100.0,28
248.0,1,100.0,25
249.0,13,100.0,36
250.0,6,100.0,43
39.0,6,100.0,32
252.0,1,100.0,46
7.0,1,100.0,48
254.0,14,100.0,43
243.0,5,100.0,49
256.0,8,100.0,24
136.0,4,100.0,26
258.0,9,100.0,30
259.0,6,100.0,24
260.0,8,100.0,55
65.0,1,100.0,22
262.0,13,78.92,49
263.0,6,100.0,44
264.0,6,100.0,66
31.0,1,100.0,21
89.0,1,100.0,34
267.0,10,100.0,43
268.0,3,100.0,46
269.0,13,100.0,33
60.0,12,100.0,42
32.0,4,100.0,34
272.0,3,100.0,47
273.0,14,100.0,33
259.0,6,100.0,24
275.0,14,100.0,26
276.0,3,100.0,30
218.0,1,100.0,43
278.0,3,100.0,25
279.0,3,100.0,27
280.0,6,100.0,27
281.0,9,100.0,24
282.0,14,100.0,34
283.0,6,100.0,46
284.0,1,54.33,27
285.0,11,100.0,33
64.0,4,100.0,47
287.0,5,55.34,49
288.0,4,100.0,40
29.0,11,100.0,37
272.0,3,100.0,47
72.0,4,100.0,45
292.0,8,99.82,37
293.0,5,100.0,48
294.0,5,100.0,31
283.0,6,100.0,46
64.0,4,100.0,47
297.0,12,100.0,28
45.0,1,100.0,40
299.0,6,100.0,20
300.0,16,100.0,39
301.0,7,99.82,25
27.0,1,100.0,29
303.0,11,100.0,22
304.0,12,100.0,22
305.0,1,100.0,47
306.0,10,100.0,45
233.0,3,100.0,29
256.0,8,100.0,24
309.0,1,100.0,35
310.0,13,83.63,46
311.0,1,95.93,44
312.0,4,96.73,34
309.0,1,100.0,35
314.0,6,72.38,25
315.0,11,100.0,10
316.0,14,100.0,29
115.0,8,100.0,39
19.0,1,100.0,42
107.0,11,100.0,46
320.0,10,100.0,49
154.0,2,100.0,27
322.0,1,100.0,50
323.0,12,100.0,43
324.0,4,100.0,38
325.0,12,100.0,20
118.0,1,100.0,27
327.0,1,100.0,49
118.0,1,100.0,27
329.0,1,100.0,39
51.0,4,100.0,24
331.0,7,100.0,45
325.0,12,100.0,20
333.0,4,100.0,36
121.0,1,100.0,24
335.0,1,63.38,49
336.0,10,100.0,26
337.0,5,62.09,49
89.0,1,100.0,34
339.0,12,95.35,34
340.0,3,100.0,33
65.0,1,100.0,22
342.0,7,89.38,39
343.0,11,63.84,32
344.0,8,75.01,24
345.0,8,63.84,21
346.0,3,73.42,24
347.0,3,63.84,36
348.0,15,81.4,20
349.0,4,64.64,30
350.0,9,82.99,44
351.0,3,92.57,28
352.0,10,77.41,37
353.0,4,74.21,20
354.0,14,90.17,25
355.0,15,76.61,35
356.0,4,83.79,38
357.0,13,69.43,41
358.0,6,76.61,22
359.0,11,81.4,49
360.0,4,73.42,38
273.0,14,100.0,33
362.0,10,93.56,36
363.0,5,81.62,34
364.0,5,67.83,24
365.0,7,70.26,36
366.0,14,90.17,34
20.0,9,100.0,41
368.0,5,100.0,46
369.0,11,100.0,24
370.0,5,100.0,21
371.0,3,100.0,24
372.0,12,100.0,48
373.0,1,100.0,26
157.0,6,100.0,37
217.0,6,100.0,49
376.0,7,99.54,34
377.0,2,100.0,48
378.0,1,100.0,36
368.0,5,100.0,46
380.0,4,100.0,46
381.0,5,97.17,31
382.0,1,100.0,41
214.0,8,100.0,21
203.0,5,100.0,38
385.0,14,100.0,45
386.0,7,58.38,26
387.0,3,100.0,38
388.0,9,100.0,48
389.0,9,64.16,42
390.0,4,35.71,49
391.0,13,66.58,32
392.0,5,100.0,54
393.0,4,100.0,33
50.0,3,100.0,36
395.0,7,100.0,20
396.0,4,97.89,29
397.0,4,97.89,33
398.0,5,100.0,50
225.0,3,100.0,41
400.0,11,100.0,36
401.0,16,100.0,27
194.0,5,100.0,47
403.0,15,100.0,33
404.0,6,100.0,21
405.0,5,93.28,21
406.0,10,100.0,41
407.0,11,100.0,40
140.0,1,100.0,28
16.0,9,100.0,23
63.0,2,100.0,23
411.0,7,100.0,25
412.0,15,100.0,24
413.0,15,64.74,39
414.0,7,75.2,55
415.0,6,88.45,46
322.0,1,100.0,50
417.0,8,100.0,47
418.0,5,93.28,97
48.0,10,100.0,32
420.0,10,100.0,35
88.0,4,100.0,49
422.0,10,100.0,38
48.0,10,100.0,32
424.0,7,100.0,34
425.0,8,99.17,36
426.0,3,93.34,48
427.0,7,96.84,21
428.0,10,93.34,21
429.0,5,100.0,34
81.0,2,100.0,46
431.0,1,100.0,32
432.0,8,100.0,29
17.0,5,100.0,41
434.0,8,96.84,43
121.0,1,100.0,24
406.0,10,100.0,41
437.0,5,98.0,46
130.0,2,100.0,32
439.0,10,100.0,22
440.0,7,40.25,29
441.0,5,49.6,42
442.0,1,98.0,39
118.0,1,100.0,27
444.0,2,98.0,48
445.0,10,85.1,29
95.0,8,100.0,27
392.0,5,100.0,54
136.0,4,100.0,26
13.0,2,100.0,34
450.0,2,100.0,25
451.0,13,100.0,23
297.0,12,100.0,28
199.0,2,100.0,35
263.0,6,100.0,44
303.0,11,100.0,22
456.0,17,100.0,42
457.0,10,100.0,29
431.0,1,100.0,32
225.0,3,100.0,41
460.0,5,100.0,26
404.0,6,100.0,21
462.0,6,100.0,34
93.0,4,100.0,41
464.0,8,100.0,37
465.0,2,100.0,37
406.0,10,100.0,41
283.0,6,100.0,46
468.0,2,100.0,40
469.0,8,97.6,43
470.0,1,87.06,30
199.0,2,100.0,35
472.0,14,93.77,36
473.0,3,100.0,61
203.0,5,100.0,38
475.0,2,100.0,39
476.0,6,99.66,33
431.0,1,100.0,32
478.0,7,100.0,31
241.0,4,100.0,50
480.0,2,91.44,48
250.0,6,100.0,43
482.0,3,87.33,25
483.0,7,100.0,28
211.0,2,100.0,36
485.0,10,89.38,27
278.0,3,100.0,25
151.0,7,100.0,40
488.0,2,95.55,34
144.0,9,100.0,50
490.0,2,100.0,38
491.0,13,95.55,37
492.0,10,89.38,43
493.0,14,86.3,43
494.0,15,95.13,46
495.0,3,36.11,42
496.0,9,50.18,50
497.0,8,100.0,44
498.0,13,93.16,27
199.0,2,100.0,35
500.0,2,95.55,51
501.0,1,50.14,41
502.0,5,49.06,48
503.0,17,54.99,42
504.0,6,43.13,49
505.0,3,58.22,30
506.0,1,51.21,45
507.0,5,44.21,48
508.0,2,54.45,32
509.0,6,53.37,46
510.0,1,63.61,48
511.0,9,43.13,33
512.0,2,48.52,31
513.0,6,58.22,20
514.0,1,51.75,29
515.0,8,57.68,27
516.0,1,56.07,24
517.0,12,48.52,37
518.0,9,44.21,25
519.0,5,57.68,41
520.0,16,89.89,27
521.0,7,58.95,21
522.0,6,72.41,22
523.0,7,98.63,32
524.0,9,52.83,25
525.0,3,100.0,42
526.0,1,51.75,25
527.0,16,100.0,37
153.0,2,100.0,26
529.0,2,99.55,44
69.0,9,100.0,47
531.0,8,100.0,43
532.0,6,100.0,42
197.0,2,100.0,42
534.0,7,100.0,29
535.0,13,100.0,40
224.0,6,100.0,38
324.0,4,100.0,38
230.0,11,100.0,21
121.0,1,100.0,24
211.0,2,100.0,36
63.0,2,100.0,23
542.0,14,100.0,20
543.0,4,100.0,32
544.0,9,100.0,29
263.0,6,100.0,44
174.0,14,100.0,44
333.0,4,100.0,36
548.0,1,56.3,49
549.0,5,42.64,34
550.0,11,100.0,59
10.0,1,100.0,37
552.0,12,100.0,36
553.0,3,100.0,43
554.0,4,100.0,21
555.0,7,100.0,32
203.0,5,100.0,38
218.0,1,100.0,43
133.0,4,100.0,42
431.0,1,100.0,32
133.0,4,100.0,42
561.0,17,100.0,31
88.0,4,100.0,49
385.0,14,100.0,45
564.0,9,100.0,49
382.0,1,100.0,41
566.0,11,100.0,45
567.0,7,100.0,36
329.0,1,100.0,39
171.0,9,100.0,27
120.0,6,100.0,25
382.0,1,100.0,41
572.0,1,99.52,39
573.0,4,57.55,28
574.0,7,54.57,25
285.0,11,100.0,33
89.0,1,100.0,34
577.0,14,100.0,24
276.0,3,100.0,30
163.0,7,100.0,42
404.0,6,100.0,21
581.0,11,100.0,34
544.0,9,100.0,29
173.0,13,100.0,24
584.0,10,100.0,44
585.0,14,100.0,21
393.0,4,100.0,33
587.0,7,100.0,30
336.0,10,100.0,26
49.0,2,100.0,41
590.0,16,100.0,26
591.0,5,100.0,32
218.0,1,100.0,43
593.0,17,100.0,48
594.0,7,74.04,44
78.0,1,100.0,45
98.0,3,100.0,37
475.0,2,100.0,39
598.0,2,100.0,76
599.0,5,100.0,37
600.0,2,82.39,38
601.0,6,72.38,43
602.0,3,79.31,48
603.0,3,82.39,26
604.0,4,88.55,38
605.0,2,63.14,20
606.0,10,73.92,22
607.0,15,90.86,45
608.0,4,85.47,45
609.0,14,66.99,20
610.0,5,64.68,47
611.0,4,73.92,46
612.0,9,83.93,23
613.0,10,74.69,33
614.0,10,90.86,29
615.0,8,82.39,44
616.0,1,92.4,41
617.0,6,91.63,20
618.0,14,78.54,37
544.0,9,100.0,29
620.0,1,65.45,55
621.0,7,100.0,22
622.0,4,67.76,31
623.0,3,79.22,49
624.0,4,73.92,61
625.0,9,83.93,39
387.0,3,100.0,38
627.0,1,100.0,31
378.0,1,100.0,36
629.0,12,100.0,25
630.0,11,100.0,48
309.0,1,100.0,35
370.0,5,100.0,21
633.0,10,100.0,47
634.0,16,100.0,38
20.0,9,100.0,41
24.0,7,100.0,24
465.0,2,100.0,37
393.0,4,100.0,33
243.0,5,100.0,49
640.0,5,100.0,29
371.0,3,100.0,24
642.0,7,100.0,47
121.0,1,100.0,24
644.0,9,100.0,25
645.0,8,32.47,30
646.0,3,100.0,22
647.0,2,64.69,27
648.0,3,100.0,34
15.0,6,100.0,36
650.0,15,43.05,34
377.0,2,100.0,48
32.0,4,100.0,34
256.0,8,100.0,24
380.0,4,100.0,46
306.0,10,100.0,45
656.0,4,100.0,39
657.0,2,100.0,43
96.0,11,100.0,29
659.0,10,100.0,20
368.0,5,100.0,46
56.0,5,100.0,27
263.0,6,100.0,44
218.0,1,100.0,43
234.0,8,100.0,49
288.0,4,100.0,40
276.0,3,100.0,30
241.0,4,100.0,50
451.0,13,100.0,23
669.0,7,100.0,26
59.0,4,100.0,27
671.0,13,100.0,42
417.0,8,100.0,47
217.0,6,100.0,49
215.0,8,100.0,38
659.0,10,100.0,20
411.0,7,100.0,25
677.0,5,88.0,25
93.0,4,100.0,41
172.0,3,100.0,28
680.0,2,67.8,50
681.0,6,50.25,32
682.0,5,53.88,42
683.0,10,62.36,24
684.0,8,69.62,27
685.0,12,57.51,26
686.0,9,61.15,38
687.0,13,59.33,42
688.0,3,71.44,23
689.0,6,62.96,21
690.0,9,50.85,28
691.0,1,72.65,33
692.0,15,62.96,25
693.0,4,61.75,28
694.0,2,49.04,46
695.0,16,61.15,30
696.0,9,84.25,38
697.0,2,56.91,40
72.0,4,100.0,45
699.0,1,49.3,27
700.0,1,72.65,42
701.0,4,63.57,36
702.0,12,100.0,29
128.0,3,100.0,39
385.0,14,100.0,45
417.0,8,100.0,47
217.0,6,100.0,49
707.0,15,100.0,46
143.0,4,100.0,48
709.0,9,100.0,46
710.0,9,100.0,35
267.0,10,100.0,43
136.0,4,100.0,26
713.0,8,98.18,22
714.0,7,99.41,34
715.0,8,100.0,50
143.0,4,100.0,48
86.0,11,100.0,41
718.0,8,100.0,36
37.0,2,100.0,29
720.0,10,37.48,33
283.0,6,100.0,46
722.0,7,100.0,38
723.0,11,36.42,20
724.0,5,100.0,22
725.0,11,100.0,27
726.0,8,98.18,56
727.0,7,99.41,38
728.0,4,100.0,25
393.0,4,100.0,33
525.0,3,100.0,42
83.0,8,100.0,33
224.0,6,100.0,38
733.0,10,100.0,31
395.0,7,100.0,20
735.0,11,100.0,44
373.0,1,100.0,26
59.0,4,100.0,27
738.0,7,100.0,46
739.0,2,100.0,47
740.0,13,100.0,37
741.0,2,100.0,31
742.0,17,100.0,24
743.0,14,100.0,31
53.0,6,100.0,50
745.0,8,64.69,35
276.0,3,100.0,30
233.0,3,100.0,29
56.0,5,100.0,27
749.0,10,100.0,40
750.0,16,98.99,31
751.0,2,100.0,6
752.0,2,100.0,45
753.0,2,54.09,22
754.0,6,68.67,45
755.0,2,65.02,43
756.0,2,61.99,46
757.0,9,69.28,39
758.0,18,71.1,31
759.0,7,69.28,41
760.0,12,60.16,44
761.0,2,70.49,45
762.0,13,69.89,37
763.0,2,61.38,35
764.0,7,59.55,28
765.0,11,61.99,30
766.0,10,49.22,30
767.0,11,69.28,25
768.0,7,57.73,29
769.0,2,57.73,26
770.0,11,53.48,41
771.0,5,52.87,34
772.0,11,61.21,35
773.0,1,61.38,34
715.0,8,100.0,50
775.0,7,61.99,41
776.0,7,96.86,22
777.0,7,48.62,35
778.0,5,38.5,44
779.0,11,61.99,47
780.0,10,49.22,19
781.0,2,90.39,34
782.0,8,71.81,29
783.0,3,69.27,49
784.0,14,85.32,30
785.0,9,70.96,21
786.0,7,76.88,50
69.0,9,100.0,47
788.0,3,76.03,24
789.0,4,98.84,27
790.0,10,86.17,33
791.0,9,90.39,35
792.0,1,71.81,31
793.0,4,82.79,25
794.0,7,82.79,27
795.0,9,100.0,31
30.0,8,100.0,45
154.0,2,100.0,27
118.0,1,100.0,27
799.0,2,69.27,42
800.0,18,74.77,21
801.0,15,76.88,34
802.0,3,76.03,42
803.0,4,98.84,15
804.0,6,70.87,29
805.0,4,58.15,46
806.0,6,61.78,30
807.0,10,49.67,30
808.0,18,51.48,42
809.0,5,61.18,46
810.0,13,64.2,25
811.0,5,65.42,32
812.0,6,64.81,30
813.0,3,49.67,40
814.0,5,60.57,28
815.0,2,55.72,23
816.0,6,61.18,29
817.0,6,58.75,34
818.0,5,63.6,37
819.0,10,49.06,20
820.0,2,48.46,32
821.0,3,52.09,34
822.0,5,52.7,42
160.0,12,100.0,38
824.0,1,62.16,30
825.0,3,49.67,23
826.0,4,53.3,22
76.0,5,100.0,39
828.0,2,55.72,55
829.0,6,61.18,36
373.0,1,100.0,26
627.0,1,100.0,31
13.0,2,100.0,34
228.0,8,100.0,41
834.0,5,100.0,23
44.0,3,100.0,48
621.0,7,100.0,22
554.0,4,100.0,21
838.0,8,100.0,22
839.0,3,100.0,40
322.0,1,100.0,50
841.0,4,100.0,29
531.0,8,100.0,43
121.0,1,100.0,24
439.0,10,100.0,22
553.0,3,100.0,43
542.0,14,100.0,20
847.0,11,100.0,25
211.0,2,100.0,36
849.0,1,52.67,24
404.0,6,100.0,21
47.0,1,100.0,30
852.0,7,94.79,32
853.0,8,47.18,21
854.0,7,78.11,26
309.0,1,100.0,35
373.0,1,100.0,26
268.0,3,100.0,46
98.0,3,100.0,37
859.0,10,100.0,27
16.0,9,100.0,23
861.0,7,100.0,39
279.0,3,100.0,27
215.0,8,100.0,38
167.0,14,100.0,27
151.0,7,100.0,40
62.0,5,100.0,24
867.0,12,100.0,44
465.0,2,100.0,37
85.0,3,100.0,20
128.0,3,100.0,39
871.0,1,100.0,44
724.0,5,100.0,22
267.0,10,100.0,43
874.0,7,100.0,27
875.0,10,64.9,26
876.0,3,52.32,25
877.0,2,100.0,49
640.0,5,100.0,29
879.0,12,100.0,41
880.0,2,100.0,55
881.0,12,83.07,27
63.0,2,100.0,23
883.0,12,90.17,31
252.0,1,100.0,46
885.0,9,91.18,47
741.0,2,100.0,31
368.0,5,100.0,46
888.0,9,89.15,37
889.0,1,93.21,28
890.0,7,90.17,37
88.0,4,100.0,49
371.0,3,100.0,24
47.0,1,100.0,30
894.0,1,88.14,50
895.0,10,96.24,31
268.0,3,100.0,46
897.0,12,100.0,47
738.0,7,100.0,46
899.0,4,100.0,37
189.0,12,100.0,33
901.0,5,90.17,31
388.0,9,100.0,48
903.0,6,87.13,41
19.0,1,100.0,42
228.0,8,100.0,41
906.0,6,45.25,32
907.0,1,88.14,10
908.0,14,57.46,35
909.0,2,64.33,28
910.0,14,73.7,46
911.0,3,71.2,20
912.0,11,49.97,30
913.0,4,69.96,48
914.0,2,53.72,28
915.0,11,68.08,39
916.0,3,51.84,24
917.0,9,67.46,28
918.0,6,58.71,31
919.0,5,63.71,45
920.0,3,58.09,24
921.0,3,53.72,49
922.0,1,63.08,32
923.0,5,68.71,43
924.0,14,50.59,37
925.0,9,64.96,24
926.0,6,53.72,35
927.0,13,29.87,41
928.0,17,100.0,26
929.0,10,64.96,34
930.0,5,70.58,49
931.0,6,44.21,28
932.0,4,68.08,40
933.0,3,59.96,37
934.0,3,53.72,31
935.0,18,83.44,41
936.0,9,89.46,21
937.0,2,96.34,40
938.0,13,74.84,46
939.0,11,79.14,44
940.0,7,73.12,46
941.0,10,81.72,41
942.0,7,89.46,32
943.0,4,87.74,46
226.0,6,100.0,28
945.0,10,94.62,49
946.0,1,73.98,21
947.0,15,84.3,32
948.0,2,98.06,34
949.0,4,98.06,21
950.0,13,96.34,21
951.0,7,83.44,31
952.0,15,94.62,21
953.0,5,45.86,25
954.0,3,82.58,28
955.0,6,64.97,43
956.0,5,86.74,22
957.0,5,93.01,37
958.0,18,72.26,28
959.0,7,74.84,30
960.0,1,73.98,44
223.0,13,100.0,25
218.0,1,100.0,43
963.0,13,97.39,30
964.0,2,90.06,20
336.0,10,100.0,26
839.0,3,100.0,40
967.0,1,89.01,31
439.0,10,100.0,22
63.0,2,100.0,23
970.0,8,100.0,30
243.0,5,100.0,49
82.0,4,100.0,31
37.0,2,100.0,29
974.0,2,84.82,37
28.0,11,100.0,38
841.0,4,100.0,29
451.0,13,100.0,23
978.0,8,85.87,26
203.0,5,100.0,38
980.0,7,47.04,48
981.0,18,39.8,40
566.0,11,100.0,45
983.0,4,100.0,44
984.0,5,94.22,21
985.0,5,100.0,35
986.0,2,86.92,29
987.0,2,84.82,21
303.0,11,100.0,22
460.0,5,100.0,26
49.0,2,100.0,41
417.0,8,100.0,47
478.0,7,100.0,31
657.0,2,100.0,43
16.0,9,100.0,23
995.0,9,100.0,28
327.0,1,100.0,49
281.0,9,100.0,24
340.0,3,100.0,33
999.0,6,100.0,22
1000.0,12,100.0,32
535.0,13,100.0,40
218.0,1,100.0,43
51.0,4,100.0,24
1004.0,9,100.0,32
97.0,1,100.0,20
1006.0,9,69.12,24
372.0,12,100.0,48
871.0,1,100.0,44
172.0,3,100.0,28
1010.0,9,61.52,24
108.0,2,100.0,33
879.0,12,100.0,41
451.0,13,100.0,23
368.0,5,100.0,46
143.0,4,100.0,48
278.0,3,100.0,25
1017.0,15,100.0,22
225.0,3,100.0,41
38.0,9,100.0,34
1020.0,14,100.0,32
1021.0,7,100.0,21
97.0,1,100.0,20
1023.0,16,100.0,47
128.0,3,100.0,39
640.0,5,100.0,29
331.0,7,100.0,45
1027.0,10,100.0,28
146.0,12,100.0,26
1029.0,10,100.0,50
7.0,1,100.0,48
847.0,11,100.0,25
407.0,11,100.0,40
657.0,2,100.0,43
724.0,5,100.0,22
305.0,1,100.0,47
1036.0,9,100.0,36
238.0,6,100.0,40
95.0,8,100.0,27
534.0,7,100.0,29
1040.0,9,100.0,20
163.0,7,100.0,42
1042.0,5,100.0,25
1043.0,5,100.0,36
176.0,12,100.0,21
16.0,9,100.0,23
57.0,9,100.0,37
44.0,3,100.0,48
278.0,3,100.0,25
285.0,11,100.0,33
1050.0,12,100.0,27
725.0,11,100.0,27
85.0,3,100.0,20
119.0,4,100.0,30
1054.0,6,100.0,48
1055.0,12,93.49,32
89.0,1,100.0,34
1057.0,9,56.85,27
128.0,3,100.0,39
35.0,6,100.0,47
724.0,5,100.0,22
1061.0,1,100.0,55
1062.0,9,100.0,60
1063.0,6,100.0,35
1064.0,8,100.0,28
150.0,13,100.0,38
1066.0,7,95.8,21
93.0,4,100.0,41
1068.0,10,97.81,22
1069.0,9,88.74,29
322.0,1,100.0,50
96.0,11,100.0,29
1072.0,11,80.67,49
36.0,3,100.0,35
630.0,11,100.0,48
1075.0,5,80.67,23
1076.0,8,95.8,48
1077.0,14,100.0,42
1078.0,15,100.0,47
50.0,3,100.0,36
999.0,6,100.0,22
1081.0,11,91.76,40
1082.0,3,100.0,23
39.0,6,100.0,32
1021.0,7,100.0,21
1085.0,2,93.04,41
1086.0,5,84.71,25
146.0,12,100.0,26
1088.0,4,89.75,24
1089.0,14,100.0,48
1090.0,9,68.35,26
1091.0,13,73.17,21
1092.0,10,78.0,45
1093.0,10,86.04,36
1094.0,5,81.21,21
1095.0,5,70.76,32
1096.0,17,82.82,30
1097.0,6,94.88,36
1098.0,11,86.04,33
1099.0,5,78.0,35
1100.0,12,95.69,37
1101.0,6,73.17,41
1102.0,2,76.39,20
1103.0,2,86.84,45
1104.0,6,69.96,38
1105.0,15,70.76,43
1106.0,8,78.8,49
1107.0,13,80.41,27
1108.0,1,73.98,46
1109.0,10,59.1,38
1110.0,5,66.74,25
1111.0,10,60.3,46
68.0,4,100.0,22
1113.0,9,100.0,40
1114.0,16,100.0,46
656.0,4,100.0,39
1116.0,16,82.34,38
216.0,5,100.0,30
1118.0,2,94.25,42
250.0,6,100.0,43
1120.0,4,95.24,29
1121.0,1,86.31,33
1122.0,5,79.37,32
1123.0,11,87.3,28
228.0,8,100.0,41
1125.0,1,100.0,33
1126.0,5,84.33,36
1127.0,5,89.29,26
424.0,7,100.0,34
1129.0,2,96.23,26
28.0,11,100.0,38
83.0,8,100.0,33
1132.0,2,91.27,33
81.0,2,100.0,46
146.0,12,100.0,26
278.0,3,100.0,25
1136.0,4,73.08,45
1137.0,7,100.0,50
378.0,1,100.0,36
1139.0,5,89.29,21
432.0,8,100.0,29
176.0,12,100.0,21
1142.0,9,100.0,42
57.0,9,100.0,37
728.0,4,100.0,25
333.0,4,100.0,36
84.0,16,100.0,22
834.0,5,100.0,23
48.0,10,100.0,32
1149.0,4,100.0,28
725.0,11,100.0,27
243.0,5,100.0,49
382.0,1,100.0,41
327.0,1,100.0,49
216.0,5,100.0,30
1155.0,14,100.0,40
11.0,7,100.0,23
116.0,12,100.0,49
1042.0,5,100.0,25
98.0,3,100.0,37
1160.0,7,100.0,55
11.0,7,100.0,23
369.0,11,100.0,24
1163.0,10,96.49,43
322.0,1,100.0,50
739.0,2,100.0,47
32.0,4,100.0,34
82.0,4,100.0,31
1168.0,11,100.0,28
1169.0,10,100.0,36
1170.0,8,100.0,48
656.0,4,100.0,39
1172.0,9,100.0,45
1173.0,15,100.0,35
30.0,8,100.0,45
283.0,6,100.0,46
10.0,1,100.0,37
179.0,3,100.0,31
393.0,4,100.0,33
82.0,4,100.0,31
154.0,2,100.0,27
1181.0,6,100.0,39
1182.0,11,100.0,32
1064.0,8,100.0,28
1184.0,12,67.91,26
1185.0,2,84.88,44
283.0,6,100.0,46
1187.0,4,70.83,32
1188.0,1,100.0,65
553.0,3,100.0,43
1190.0,12,67.77,43
1191.0,16,49.74,35
1192.0,13,50.36,45
1193.0,2,67.14,47
1194.0,8,64.66,21
1195.0,8,68.39,38
1196.0,3,50.36,21
1197.0,9,72.74,43
1198.0,8,54.09,46
1199.0,1,58.44,38
1200.0,1,52.22,26
1201.0,5,52.84,31
1202.0,3,54.71,48
1203.0,9,50.36,33
1204.0,1,57.2,38
1205.0,3,55.95,39
1206.0,16,67.14,42
1207.0,4,59.06,44
1208.0,2,69.63,29
1209.0,8,55.95,26
1210.0,1,53.47,31
1211.0,12,89.12,32
995.0,9,100.0,28
211.0,2,100.0,36
1214.0,1,52.22,36
1215.0,17,100.0,41
1216.0,8,99.52,27
1125.0,1,100.0,33
1218.0,12,100.0,34
457.0,10,100.0,29
462.0,6,100.0,34
388.0,9,100.0,48
283.0,6,100.0,46
646.0,3,100.0,22
1224.0,5,100.0,20
1225.0,9,85.75,45
368.0,5,100.0,46
282.0,14,100.0,34
1228.0,1,85.75,50
268.0,3,100.0,46
1230.0,12,84.7,22
1231.0,6,86.81,48
1232.0,14,86.81,47
462.0,6,100.0,34
752.0,2,100.0,45
73.0,2,100.0,20
1236.0,6,60.49,50
1237.0,6,57.55,22
1238.0,17,100.0,45
1239.0,6,100.0,58
1240.0,5,100.0,51
387.0,3,100.0,38
304.0,12,100.0,22
1042.0,5,100.0,25
412.0,15,100.0,24
309.0,1,100.0,35
226.0,6,100.0,28
1043.0,5,100.0,36
300.0,16,100.0,39
95.0,8,100.0,27
45.0,1,100.0,40
398.0,5,100.0,50
525.0,3,100.0,42
293.0,5,100.0,48
1042.0,5,100.0,25
134.0,8,100.0,31
198.0,2,100.0,44
1257.0,16,100.0,23
432.0,8,100.0,29
1259.0,13,100.0,49
50.0,3,100.0,36
429.0,5,100.0,34
223.0,13,100.0,25
1054.0,6,100.0,48
1264.0,1,100.0,38
10.0,1,100.0,37
243.0,5,100.0,49
1267.0,4,86.51,22
1268.0,8,89.27,28
1269.0,7,85.59,36
89.0,1,100.0,34
1271.0,10,100.0,39
1272.0,14,75.46,21
400.0,11,100.0,36
1274.0,15,97.55,24
1275.0,5,85.59,29
1276.0,1,94.79,38
581.0,11,100.0,34
1278.0,3,90.19,42
1279.0,17,100.0,35
1280.0,6,80.99,35
1281.0,2,89.27,38
1282.0,1,81.91,41
106.0,2,100.0,50
554.0,4,100.0,21
1285.0,8,62.72,43
431.0,1,100.0,32
1287.0,3,90.19,6
1288.0,6,92.95,66
1289.0,10,82.5,41
1290.0,4,97.42,23
1291.0,1,92.16,43
1292.0,7,70.22,24
1293.0,6,83.38,22
1294.0,1,73.73,26
1295.0,8,74.6,35
1296.0,8,77.24,47
1297.0,14,100.0,50
1298.0,8,87.77,45
1299.0,2,89.53,39
1300.0,5,89.53,23
1301.0,11,75.48,42
1302.0,9,89.53,20
1303.0,12,71.09,33
282.0,14,100.0,34
90.0,3,100.0,49
1306.0,8,90.4,39
567.0,7,100.0,36
1308.0,5,86.01,50
37.0,2,100.0,29
276.0,3,100.0,30
1311.0,7,86.89,41
1312.0,7,58.58,28
79.0,5,100.0,45
1314.0,11,75.48,16
1043.0,5,100.0,36
20.0,9,100.0,41
398.0,5,100.0,50
67.0,5,100.0,40
877.0,2,100.0,49
87.0,3,100.0,45
633.0,10,100.0,47
138.0,2,100.0,21
591.0,5,100.0,32
1023.0,16,100.0,47
203.0,5,100.0,38
406.0,10,100.0,41
168.0,3,100.0,21
1328.0,13,100.0,41
387.0,3,100.0,38
1330.0,10,99.29,25
293.0,5,100.0,48
1332.0,14,99.29,22
1064.0,8,100.0,28
305.0,1,100.0,47
88.0,4,100.0,49
72.0,4,100.0,45
12.0,2,100.0,28
1338.0,6,57.53,29
329.0,1,100.0,39
268.0,3,100.0,46
150.0,13,100.0,38
1342.0,9,47.29,41
1343.0,3,49.81,50
1344.0,9,53.83,43
1345.0,9,43.27,29
1346.0,6,42.76,30
1347.0,7,53.83,25
1348.0,2,44.78,49
1349.0,6,49.3,40
1350.0,9,44.78,41
1351.0,4,53.33,21
1352.0,1,45.28,46
1353.0,14,40.25,39
1354.0,7,59.87,45
1355.0,4,59.87,21
1356.0,7,58.36,44
1357.0,14,59.87,44
1358.0,9,51.82,29
1359.0,4,49.3,34
1360.0,1,56.85,39
224.0,6,100.0,38
1362.0,8,79.86,24
1363.0,6,100.0,29
970.0,8,100.0,30
73.0,2,100.0,20
475.0,2,100.0,39
1367.0,7,59.87,35
1368.0,4,59.87,26
735.0,11,100.0,44
1370.0,15,100.0,28
1371.0,12,100.0,31
27.0,1,100.0,29
555.0,7,100.0,32
1374.0,7,100.0,33
198.0,2,100.0,44
1376.0,8,100.0,32
1377.0,7,100.0,41
1378.0,14,100.0,35
497.0,8,100.0,44
136.0,4,100.0,26
73.0,2,100.0,20
1170.0,8,100.0,48
1383.0,17,100.0,34
877.0,2,100.0,49
1385.0,15,100.0,40
87.0,3,100.0,45
241.0,4,100.0,50
28.0,11,100.0,38
450.0,2,100.0,25
1390.0,13,58.18,28
1391.0,8,67.14,49
90.0,3,100.0,49
1393.0,9,61.29,42
1394.0,8,57.73,23
1395.0,2,81.25,29
1396.0,1,80.54,25
1397.0,15,71.98,39
1398.0,12,69.84,44
1399.0,16,76.26,25
1400.0,6,76.26,45
1401.0,2,83.39,25
1402.0,12,57.73,37
1403.0,4,66.99,30
1404.0,1,75.55,36
1405.0,1,60.58,26
1406.0,7,73.41,23
1407.0,3,72.7,23
1408.0,2,66.99,25
168.0,3,100.0,21
1410.0,5,63.43,26
1411.0,9,85.25,44
1412.0,2,100.0,24
1413.0,4,66.99,66
1414.0,7,57.73,36
1415.0,13,85.25,36
1416.0,12,77.9,22
1417.0,6,60.26,25
1418.0,5,72.76,37
1419.0,3,75.69,32
1420.0,16,74.22,47
1421.0,4,69.82,37
1422.0,10,62.47,20
1423.0,3,82.31,41
1424.0,1,60.26,21
1425.0,8,76.43,22
1426.0,5,80.1,40
1427.0,5,74.96,32
1428.0,11,66.14,36
1429.0,1,72.02,27
1430.0,6,87.45,26
1431.0,3,70.55,30
1432.0,4,56.84,23
1433.0,7,59.53,29
1434.0,10,60.37,21
648.0,3,100.0,34
1436.0,8,76.43,26
1437.0,11,64.67,60
1438.0,6,55.49,35
1439.0,2,69.36,47
1440.0,8,60.69,20
1441.0,2,54.33,20
1442.0,4,65.31,25
1443.0,9,69.36,25
1444.0,8,68.78,27
1445.0,3,60.11,31
1446.0,3,66.47,44
1447.0,4,46.82,49
1448.0,8,56.07,26
1449.0,6,54.33,36
1450.0,2,52.6,44
1451.0,1,46.82,28
1452.0,2,64.74,45
1453.0,11,46.82,29
1454.0,5,53.75,40
1455.0,2,61.85,45
1456.0,11,53.18,44
1457.0,14,69.16,25
72.0,4,100.0,45
1459.0,4,47.4,48
1460.0,14,60.76,44
1461.0,12,97.27,25
1462.0,2,91.76,22
1463.0,2,50.29,31
1464.0,2,52.6,21
1465.0,1,46.82,55
278.0,3,100.0,25
1467.0,1,98.05,35
1468.0,3,93.54,35
1469.0,7,95.8,43
1470.0,15,100.0,44
106.0,2,100.0,50
1472.0,10,100.0,48
450.0,2,100.0,25
128.0,3,100.0,39
1475.0,15,90.16,25
1476.0,2,91.29,32
169.0,8,100.0,20
46.0,3,100.0,26
525.0,3,100.0,42
138.0,2,100.0,21
424.0,7,100.0,34
633.0,10,100.0,47
404.0,6,100.0,21
377.0,2,100.0,48
1485.0,7,87.78,30
1486.0,10,84.39,27
1487.0,2,96.92,50
224.0,6,100.0,38
78.0,1,100.0,45
201.0,8,100.0,46
36.0,3,100.0,35
1492.0,15,59.37,29
1493.0,1,59.87,50
1494.0,1,49.81,26
1495.0,8,56.85,47
1496.0,7,53.33,23
1497.0,5,42.76,34
1498.0,1,53.83,34
1499.0,6,53.83,47
1500.0,12,49.81,45
1501.0,5,53.33,45
1502.0,3,43.27,36
1503.0,10,40.25,21
1504.0,1,48.3,28
1505.0,1,45.28,35
1506.0,13,52.32,50
1507.0,3,51.32,22
1508.0,8,49.3,45
1509.0,5,42.26,48
1510.0,5,87.96,20
1511.0,6,36.21,27
1512.0,11,38.5,38
1513.0,3,100.0,32
1514.0,10,40.25,64
1515.0,13,60.37,37
1516.0,4,88.63,28
1271.0,10,100.0,39
1518.0,5,94.1,41
1519.0,16,87.54,40
1520.0,11,100.0,49
1521.0,9,98.48,27
581.0,11,100.0,34
1523.0,5,96.29,23
1524.0,6,88.63,31
1525.0,1,97.38,34
1526.0,11,95.2,25
646.0,3,100.0,22
39.0,6,100.0,32
795.0,9,100.0,31
248.0,1,100.0,25
1531.0,14,87.54,47
1532.0,7,50.65,21
1533.0,2,71.73,28
1534.0,3,94.1,46
1535.0,11,41.71,33
1536.0,16,100.0,43
1537.0,5,96.29,38
1538.0,6,88.63,47
1539.0,3,31.2,45
1540.0,3,35.51,20
1541.0,2,37.84,45
1542.0,7,33.19,36
1543.0,5,27.22,37
1544.0,9,31.53,31
1545.0,6,36.84,39
1546.0,10,29.21,26
1547.0,5,37.17,32
1548.0,3,34.19,20
1549.0,6,29.21,42
1550.0,1,29.54,33
1551.0,12,28.88,20
1552.0,1,38.17,29
1553.0,16,30.2,23
1554.0,13,29.54,39
85.0,3,100.0,20
1556.0,6,81.91,45
1557.0,6,35.18,20
293.0,5,100.0,48
1559.0,13,36.29,23
1560.0,4,70.56,32
83.0,8,100.0,33
1562.0,1,29.54,61
1563.0,1,26.88,45
1564.0,7,83.03,38
1565.0,5,83.79,34
1566.0,7,83.03,43
1567.0,11,83.03,47
1568.0,1,67.03,22
1569.0,6,75.41,29
1570.0,14,68.55,28
1571.0,6,91.4,40
1572.0,7,73.88,25
1573.0,4,61.7,30
1574.0,6,69.31,38
1575.0,3,87.6,36
1576.0,1,87.6,32
1577.0,7,62.46,37
1578.0,6,79.98,30
1579.0,11,70.08,39
1580.0,1,65.51,32
1581.0,4,63.22,47
1582.0,6,86.83,26
1583.0,4,94.43,37
1584.0,8,79.98,55
214.0,8,100.0,21
16.0,9,100.0,23
1587.0,2,81.4,49
1588.0,3,87.6,59
1576.0,1,87.6,32
155.0,9,100.0,43
225.0,3,100.0,41
1172.0,9,100.0,45
161.0,6,100.0,33
67.0,5,100.0,40
1595.0,16,100.0,33
1137.0,7,100.0,50
587.0,7,100.0,30
1328.0,13,100.0,41
1599.0,7,100.0,35
327.0,1,100.0,49
380.0,4,100.0,46
1472.0,10,100.0,48
718.0,8,100.0,36
303.0,11,100.0,22
671.0,13,100.0,42
138.0,2,100.0,21
534.0,7,100.0,29
1063.0,6,100.0,35
93.0,4,100.0,41
1610.0,4,71.97,29
1611.0,7,50.33,34
464.0,8,100.0,37
1613.0,3,80.54,28
217.0,6,100.0,49
1615.0,10,100.0,23
1616.0,2,53.76,46
1617.0,2,44.35,39
1618.0,1,45.25,22
1619.0,6,49.28,49
1620.0,4,36.29,43
1621.0,8,41.22,27
1622.0,5,36.74,31
1623.0,9,50.62,20
1624.0,4,38.08,24
1625.0,2,47.94,49
1626.0,5,48.38,24
1627.0,9,45.25,39
1628.0,2,45.7,37
1629.0,11,47.49,45
1630.0,4,48.38,45
1631.0,15,39.42,44
1632.0,12,37.63,23
119.0,4,100.0,30
1634.0,10,85.52,26
1635.0,1,53.76,43
1636.0,7,31.86,26
1637.0,12,30.59,28
1638.0,5,68.35,27
121.0,1,100.0,24
1640.0,2,45.7,40
378.0,1,100.0,36
370.0,5,100.0,21
118.0,1,100.0,27
305.0,1,100.0,47
207.0,8,100.0,42
1646.0,17,100.0,32
226.0,6,100.0,28
369.0,11,100.0,24
327.0,1,100.0,49
1650.0,12,100.0,46
140.0,1,100.0,28
1054.0,6,100.0,48
457.0,10,100.0,29
69.0,9,100.0,47
267.0,10,100.0,43
120.0,6,100.0,25
7.0,1,100.0,48
1658.0,10,100.0,24
133.0,4,100.0,42
741.0,2,100.0,31
1661.0,5,100.0,42
10.0,1,100.0,37
1377.0,7,100.0,41
1224.0,5,100.0,20
85.0,3,100.0,20
1666.0,10,100.0,70
564.0,9,100.0,49
1668.0,15,58.87,35
1669.0,2,76.88,32
1670.0,16,61.64,29
1671.0,3,60.95,27
1672.0,11,80.34,27
1673.0,11,74.11,38
1674.0,6,72.03,35
1675.0,3,76.19,42
1676.0,11,63.72,21
1677.0,4,80.34,37
1678.0,4,79.65,26
1679.0,8,65.8,47
1680.0,6,65.1,37
1681.0,12,75.49,46
1682.0,3,59.56,38
1683.0,6,66.49,33
1684.0,2,56.1,24
1685.0,7,81.73,31
1686.0,1,81.03,42
39.0,6,100.0,32
1688.0,3,70.65,41
1689.0,14,61.23,43
542.0,14,100.0,20
1691.0,4,65.13,35
1692.0,4,79.65,27
1693.0,11,78.15,43
1694.0,10,72.7,32
1695.0,4,73.6,21
85.0,3,100.0,20
1697.0,1,74.51,22
1698.0,14,73.6,36
1699.0,2,83.6,46
1700.0,8,96.32,47
1701.0,1,88.14,45
1702.0,14,88.14,47
1703.0,6,94.5,47
1704.0,3,87.24,38
1705.0,3,79.97,49
1706.0,9,80.87,35
243.0,5,100.0,49
1708.0,4,93.6,28
1709.0,1,72.7,30
1710.0,7,86.72,39
248.0,1,100.0,25
468.0,2,100.0,40
1713.0,6,37.5,36
1714.0,6,94.5,76
91.0,9,100.0,39
1716.0,10,39.6,44
1717.0,1,30.06,24
1718.0,12,38.19,39
1719.0,6,42.43,21
1720.0,4,40.31,30
1721.0,13,31.82,27
1722.0,2,31.12,37
1723.0,7,31.82,42
1724.0,7,28.29,32
1725.0,8,29.7,42
1726.0,3,40.31,21
1727.0,2,32.88,33
1728.0,6,36.07,49
1729.0,5,33.24,31
1730.0,6,41.72,38
1731.0,2,40.66,20
1732.0,9,30.06,39
1733.0,6,31.47,48
1734.0,15,37.13,39
258.0,9,100.0,30
1736.0,2,37.13,33
1737.0,3,37.13,36
1738.0,4,82.94,36
30.0,8,100.0,45
839.0,3,100.0,40
1741.0,6,38.9,46
1742.0,6,36.07,30
1729.0,5,33.24,31
1744.0,13,74.68,49
1745.0,4,59.6,41
1746.0,5,67.14,35
1747.0,8,60.97,27
1748.0,6,72.62,23
1749.0,2,69.88,21
1750.0,5,80.84,34
1751.0,2,69.2,22
1752.0,5,67.82,48
1753.0,1,82.21,43
1754.0,5,81.53,32
1755.0,1,67.82,20
1756.0,10,67.14,24
1757.0,2,65.08,40
1758.0,12,73.99,30
1759.0,8,71.25,21
1760.0,2,75.36,25
1761.0,10,63.71,34
1762.0,1,58.92,48
1763.0,12,100.0,55
1764.0,5,74.68,25
1765.0,7,70.44,38
1766.0,1,55.96,39
1767.0,3,57.55,28
1768.0,2,61.66,24
1769.0,1,67.82,21
1770.0,10,100.0,46
1771.0,9,93.95,25
648.0,3,100.0,34
450.0,2,100.0,25
1257.0,16,100.0,23
1775.0,13,100.0,20
1776.0,1,100.0,23
163.0,7,100.0,42
279.0,3,100.0,27
269.0,13,100.0,33
1780.0,5,98.65,28
657.0,2,100.0,43
377.0,2,100.0,48
1170.0,8,100.0,48
72.0,4,100.0,45
553.0,3,100.0,43
1786.0,11,42.26,44
1787.0,5,87.24,24
294.0,5,100.0,31
1789.0,7,36.29,44
1790.0,5,98.65,59
1791.0,8,96.3,55
1792.0,6,32.1,29
1793.0,4,30.96,39
1794.0,1,35.87,20
1795.0,1,42.67,25
1796.0,2,37.0,42
1797.0,4,35.49,36
1798.0,8,42.67,37
1799.0,13,30.59,30
1800.0,2,37.0,21
1801.0,12,43.42,34
1802.0,3,36.63,42
1803.0,2,44.56,20
1804.0,7,42.67,40
1805.0,8,40.4,34
1806.0,8,38.89,31
1807.0,6,39.65,36
1808.0,10,34.36,48
1809.0,4,41.91,33
1810.0,12,33.23,37
1811.0,13,42.24,27
1812.0,9,40.4,39
1813.0,4,38.52,36
211.0,2,100.0,36
1377.0,7,100.0,41
599.0,5,100.0,37
1817.0,2,44.56,47
1818.0,7,42.67,15
1819.0,4,72.58,44
1820.0,13,87.62,35
1821.0,4,94.71,41
1822.0,1,98.25,49
1823.0,2,91.17,31
1824.0,11,79.66,20
1825.0,2,72.58,45
1826.0,2,74.35,33
1827.0,8,83.2,47
1828.0,2,89.4,20
1829.0,14,70.81,47
1830.0,2,94.71,40
216.0,5,100.0,30
1832.0,3,91.17,22
280.0,6,100.0,27
1834.0,8,92.94,34
1835.0,3,84.97,46
1836.0,2,84.08,31
1837.0,1,86.74,24
1838.0,3,85.85,41
1839.0,13,100.0,55
258.0,9,100.0,30
1841.0,12,57.32,33
1842.0,2,97.87,43
1843.0,7,83.2,27
1844.0,5,100.0,60
1845.0,12,73.62,27
1846.0,11,83.04,49
1847.0,5,73.62,31
1848.0,4,77.05,20
1849.0,2,81.33,24
1850.0,15,94.17,33
1851.0,3,72.77,32
1852.0,9,79.62,40
1853.0,2,79.62,27
1854.0,15,79.62,40
1855.0,7,81.33,26
1856.0,4,96.74,44
1857.0,4,71.06,33
1858.0,10,68.49,34
1859.0,6,74.48,48
1860.0,5,83.04,25
1861.0,2,84.75,39
1862.0,12,34.19,45
1412.0,2,100.0,24
1864.0,1,79.62,46
1865.0,9,79.06,44
1866.0,7,81.33,13
1867.0,10,96.74,35
1868.0,5,63.07,30
1869.0,9,50.21,34
1870.0,6,66.13,27
1871.0,6,68.58,30
1872.0,1,69.8,50
1873.0,1,50.21,34
1874.0,13,65.52,23
1875.0,2,60.01,48
1876.0,7,64.9,34
1877.0,1,48.98,48
1878.0,8,50.21,24
1879.0,2,62.45,47
1880.0,12,52.66,24
1881.0,13,62.45,47
1882.0,2,61.23,20
1883.0,11,67.97,20
1884.0,4,58.78,31
1885.0,9,56.94,38
1886.0,2,61.23,26
644.0,9,100.0,25
1888.0,10,62.45,48
1889.0,6,62.45,44
1890.0,15,100.0,21
1891.0,6,41.54,46
1892.0,6,52.84,46
1893.0,12,52.66,55
1894.0,14,52.6,31
1895.0,5,72.98,20
1896.0,6,59.18,29
1897.0,9,77.59,33
1898.0,7,55.89,34
1899.0,3,63.12,32
1900.0,6,73.64,27
1901.0,3,69.04,21
1902.0,6,71.67,27
1903.0,2,77.59,36
1904.0,6,70.35,43
1905.0,2,69.7,25
1906.0,11,70.35,46
1907.0,3,72.33,24
1908.0,13,71.67,39
1909.0,9,53.92,31
1910.0,3,71.67,22
1911.0,11,76.93,47
1912.0,2,72.98,20
1913.0,14,99.69,29
1914.0,4,68.38,38
462.0,6,100.0,34
1916.0,11,66.0,46
1917.0,9,63.76,35
1918.0,13,71.67,34
1919.0,3,57.2,38
1920.0,2,69.7,18
1921.0,14,100.0,37
1922.0,13,100.0,43
874.0,7,100.0,27
1924.0,6,100.0,30
1925.0,4,98.51,22
1926.0,17,100.0,49
368.0,5,100.0,46
1928.0,11,91.02,48
1929.0,4,87.81,46
1930.0,2,92.09,48
1931.0,9,86.73,27
250.0,6,100.0,43
1054.0,6,100.0,48
879.0,12,100.0,41
1935.0,2,96.37,22
1936.0,7,92.09,46
1937.0,4,89.95,21
1938.0,13,37.18,31
1939.0,6,95.88,26
1940.0,4,99.58,20
581.0,11,100.0,34
1942.0,9,86.73,43
146.0,12,100.0,26
1944.0,1,79.67,50
1945.0,10,90.57,35
1946.0,1,77.99,50
1947.0,14,80.51,23
1948.0,12,67.93,37
1949.0,8,83.86,29
1950.0,11,72.12,21
1951.0,8,85.54,36
1952.0,5,86.38,22
1953.0,7,89.73,22
1954.0,11,80.51,46
1955.0,2,76.31,23
1956.0,16,87.21,49
1957.0,3,83.02,48
1958.0,5,72.96,33
1959.0,14,77.15,22
1960.0,8,91.41,22
1961.0,16,92.25,25
1962.0,2,92.25,20
1963.0,16,59.36,42
1964.0,10,60.34,25
1615.0,10,100.0,23
1966.0,2,85.54,37
1967.0,8,90.57,37
1968.0,8,72.96,42
1969.0,2,76.31,51
45.0,1,100.0,40
1971.0,5,100.0,43
739.0,2,100.0,47
63.0,2,100.0,23
36.0,3,100.0,35
89.0,1,100.0,34
644.0,9,100.0,25
385.0,14,100.0,45
272.0,3,100.0,47
1259.0,13,100.0,49
288.0,4,100.0,40
233.0,3,100.0,29
115.0,8,100.0,39
281.0,9,100.0,24
644.0,9,100.0,25
567.0,7,100.0,36
1986.0,11,100.0,50
79.0,5,100.0,45
1988.0,13,100.0,26
31.0,1,100.0,21
532.0,6,100.0,42
1376.0,8,100.0,32
1992.0,1,94.58,31
1993.0,3,53.27,33
30.0,8,100.0,45
1995.0,3,100.0,76
1996.0,8,100.0,70
1997.0,11,64.83,50
1998.0,2,70.29,28
1999.0,3,81.89,50
2000.0,6,66.19,28
2001.0,4,77.11,44
2002.0,18,73.02,27
2003.0,3,72.33,30
2004.0,3,66.19,43
2005.0,16,69.6,29
2006.0,3,56.64,48
2007.0,12,60.05,33
2008.0,13,75.06,40
2009.0,8,61.42,48
2010.0,18,81.89,41
2011.0,10,55.96,21
2012.0,6,71.65,32
2013.0,16,76.43,43
2014.0,8,77.79,30
2015.0,3,76.43,35
2016.0,11,96.92,45
2017.0,3,59.37,34
669.0,7,100.0,26
2019.0,13,73.0,39
2020.0,12,73.32,41
2021.0,2,68.24,41
2022.0,12,60.05,64
2023.0,13,75.06,18
2024.0,1,34.47,49
2025.0,5,34.47,48
2026.0,4,33.23,46
2027.0,9,38.98,26
2028.0,7,38.98,37
2029.0,11,33.23,35
2030.0,8,42.26,23
2031.0,12,41.03,22
2032.0,2,33.23,39
2033.0,5,34.88,44
2034.0,8,43.9,27
2035.0,1,36.93,46
2036.0,14,41.85,33
2037.0,3,40.62,33
2038.0,1,40.21,24
2039.0,15,35.29,31
2040.0,14,77.24,41
2041.0,4,97.44,22
2042.0,3,37.34,46
2043.0,12,95.03,43
2044.0,1,36.93,15
2045.0,3,43.49,15
460.0,5,100.0,26
871.0,1,100.0,44
2048.0,7,96.99,20
2049.0,1,94.62,40
1082.0,3,100.0,23
2051.0,8,99.36,24
534.0,7,100.0,29
877.0,2,100.0,49
13.0,2,100.0,34
172.0,3,100.0,28
2056.0,7,100.0,37
79.0,5,100.0,45
252.0,1,100.0,46
65.0,1,100.0,22
1271.0,10,100.0,39
59.0,4,100.0,27
378.0,1,100.0,36
422.0,10,100.0,38
66.0,5,100.0,44
294.0,5,100.0,31
63.0,2,100.0,23
621.0,7,100.0,22
2068.0,9,50.32,28
2069.0,4,93.91,21
2056.0,7,100.0,37
627.0,1,100.0,31
2072.0,15,100.0,25
2073.0,3,86.68,26
2074.0,15,100.0,34
841.0,4,100.0,29
2076.0,1,90.57,20
2077.0,5,91.55,42
646.0,3,100.0,22
897.0,12,100.0,47
2080.0,4,100.0,20
2081.0,10,97.39,33
2082.0,7,90.57,39
161.0,6,100.0,33
2084.0,4,86.68,40
2085.0,4,78.89,46
2086.0,2,97.39,48
2087.0,6,78.89,21
78.0,1,100.0,45
178.0,10,100.0,33
2090.0,7,100.0,44
340.0,3,100.0,33
329.0,1,100.0,39
2093.0,2,50.31,39
2094.0,6,100.0,41
2095.0,3,86.92,40
393.0,4,100.0,33
2097.0,4,78.89,28
2098.0,3,63.76,26
2099.0,9,85.49,29
2100.0,4,77.52,46
2101.0,15,84.77,33
2102.0,10,78.25,48
2103.0,8,71.0,40
2104.0,10,74.62,23
2105.0,4,81.14,40
2106.0,5,74.62,37
2107.0,11,75.35,24
2108.0,10,62.31,27
2109.0,2,71.0,21
2110.0,5,72.45,23
2111.0,8,83.32,44
2112.0,1,83.32,35
2113.0,4,60.86,43
2114.0,1,84.77,40
2115.0,3,89.9,35
2116.0,1,62.46,25
657.0,2,100.0,43
2118.0,8,63.34,50
2119.0,14,78.25,45
2120.0,4,81.14,52
2121.0,5,74.62,48
2122.0,10,68.71,31
2123.0,14,71.14,29
2124.0,11,87.31,23
2125.0,11,64.67,31
2126.0,6,67.1,23
2127.0,6,94.58,24
2128.0,1,71.14,28
2129.0,7,66.29,44
2130.0,6,92.16,22
2131.0,13,70.33,46
2132.0,7,93.77,22
2133.0,3,87.31,38
2134.0,1,83.27,47
2135.0,7,75.18,48
2136.0,16,88.12,40
2137.0,1,80.84,32
2138.0,14,97.01,49
2139.0,2,85.69,43
49.0,2,100.0,41
47.0,1,100.0,30
2142.0,9,95.39,28
155.0,9,100.0,43
49.0,2,100.0,41
2145.0,10,82.42,30
179.0,3,100.0,31
555.0,7,100.0,32
2148.0,3,96.31,43
46.0,3,100.0,26
859.0,10,100.0,27
121.0,1,100.0,24
838.0,8,100.0,22
195.0,13,100.0,46
2154.0,3,97.27,37
2155.0,14,80.9,49
168.0,3,100.0,21
2157.0,8,100.0,25
10.0,1,100.0,37
2159.0,11,86.68,45
2160.0,1,85.72,32
2161.0,8,82.83,29
2162.0,3,83.79,26
297.0,12,100.0,28
2164.0,6,87.64,27
2165.0,11,98.18,20
871.0,1,100.0,44
525.0,3,100.0,42
382.0,1,100.0,41
373.0,1,100.0,26
2170.0,6,100.0,26
373.0,1,100.0,26
2172.0,11,86.68,41
2173.0,8,92.9,20
999.0,6,100.0,22
1776.0,1,100.0,23
2176.0,12,93.9,33
483.0,7,100.0,28
2178.0,7,98.89,44
2179.0,5,79.91,46
1021.0,7,100.0,21
382.0,1,100.0,41
741.0,2,100.0,31
2183.0,8,79.91,31
2184.0,7,81.91,23
2185.0,12,98.89,37
153.0,2,100.0,26
2187.0,5,79.91,24
642.0,7,100.0,47
2189.0,11,63.91,45
880.0,2,100.0,55
2191.0,5,81.17,46
106.0,2,100.0,50
98.0,3,100.0,37
2194.0,1,94.9,44
327.0,1,100.0,49
752.0,2,100.0,45
2197.0,13,43.45,27
2198.0,17,44.66,31
2199.0,14,40.23,33
2200.0,1,35.8,31
2201.0,9,35.4,35
2202.0,9,39.83,26
2203.0,4,45.46,34
2204.0,1,32.99,46
2205.0,9,42.24,41
2206.0,2,39.43,43
2207.0,2,40.23,26
2208.0,6,48.28,36
2209.0,4,32.59,20
2210.0,10,36.61,27
2211.0,1,41.03,37
2212.0,4,42.24,24
2213.0,17,43.05,36
2214.0,5,38.22,29
172.0,3,100.0,28
640.0,5,100.0,29
2217.0,10,39.83,38
2218.0,1,48.28,48
2219.0,1,82.46,40
2220.0,11,44.56,41
2221.0,2,40.23,30
2222.0,11,47.62,35
2223.0,2,55.73,28
2224.0,13,51.95,45
2225.0,7,45.99,24
2226.0,5,63.85,41
2227.0,14,45.99,48
2228.0,3,63.31,50
2229.0,8,62.77,33
2230.0,8,43.29,32
2231.0,9,60.06,27
2232.0,4,55.19,35
2233.0,3,54.11,23
2234.0,7,48.7,35
2235.0,6,43.83,40
2236.0,7,47.62,35
2237.0,3,55.19,31
2238.0,10,46.53,50
2239.0,7,57.9,40
2240.0,1,45.45,38
387.0,3,100.0,38
2242.0,3,60.6,40
2243.0,1,46.53,33
50.0,3,100.0,36
2245.0,2,66.47,20
2246.0,5,53.18,32
2247.0,3,62.77,36
2248.0,7,48.7,19
2249.0,6,43.83,11
2250.0,4,65.87,49
2251.0,1,63.38,27
2252.0,6,70.84,29
2253.0,16,74.57,42
2254.0,2,50.95,33
2255.0,7,53.44,44
2256.0,6,64.0,22
2257.0,1,50.95,48
2258.0,1,54.68,33
2259.0,2,56.55,45
2260.0,6,52.82,20
2261.0,4,60.9,46
2262.0,6,49.71,40
2263.0,6,64.63,45
2264.0,9,59.65,36
2265.0,3,67.73,31
2266.0,17,50.33,46
2267.0,9,66.49,35
12.0,2,100.0,28
2269.0,9,84.71,31
167.0,14,100.0,27
65.0,1,100.0,22
2272.0,11,99.55,30
2273.0,8,36.07,44
2274.0,4,60.28,30
2275.0,6,49.71,24
2276.0,7,75.63,45
2277.0,1,68.52,23
2278.0,7,62.7,26
2279.0,7,60.76,28
2280.0,4,58.18,49
2281.0,5,54.94,49
2282.0,12,74.98,29
2283.0,4,64.64,49
2284.0,7,54.94,39
2285.0,2,58.82,36
2286.0,7,62.05,39
2287.0,12,73.04,30
2288.0,5,69.16,44
2289.0,2,61.41,20
2290.0,5,63.35,21
2291.0,12,77.57,36
2292.0,7,71.75,32
2293.0,2,73.04,36
2294.0,10,56.24,34
143.0,4,100.0,48
2296.0,4,73.69,33
294.0,5,100.0,31
211.0,2,100.0,36
278.0,3,100.0,25
1170.0,8,100.0,48
2301.0,5,69.16,27
2302.0,2,61.41,44
2303.0,5,72.92,33
2304.0,11,72.23,29
2305.0,6,57.1,49
2306.0,1,81.86,20
2307.0,12,73.61,31
2308.0,10,59.16,39
2309.0,12,66.04,20
2310.0,6,77.73,34
2311.0,7,61.22,50
2312.0,2,79.11,40
2313.0,12,63.97,28
2314.0,4,81.86,50
2315.0,7,79.8,28
2316.0,10,66.04,46
2317.0,2,59.16,24
2318.0,5,81.17,24
2319.0,3,59.16,39
2320.0,7,44.51,40
2321.0,2,72.33,49
2322.0,4,82.26,44
2323.0,8,100.0,35
2324.0,4,67.41,22
2325.0,6,77.73,62
2326.0,7,61.22,26
2327.0,16,100.0,31
2328.0,3,86.74,25
2329.0,17,89.8,30
59.0,4,100.0,27
2331.0,12,100.0,23
1218.0,12,100.0,34
621.0,7,100.0,22
2334.0,4,85.72,42
2335.0,12,100.0,37
216.0,5,100.0,30
56.0,5,100.0,27
644.0,9,100.0,25
2339.0,7,97.97,34
150.0,13,100.0,38
136.0,4,100.0,26
722.0,7,100.0,38
2343.0,3,84.7,50
838.0,8,100.0,22
543.0,4,100.0,32
2346.0,4,71.02,31
67.0,5,100.0,40
646.0,3,100.0,22
186.0,15,100.0,41
2350.0,12,48.98,45
79.0,5,100.0,45
2352.0,6,40.15,39
2353.0,12,50.62,49
2354.0,7,50.19,27
2355.0,1,36.66,34
2356.0,1,41.02,20
2357.0,13,51.93,48
2358.0,1,38.4,29
2359.0,11,41.02,43
2360.0,13,46.26,41
2361.0,7,35.35,41
2362.0,8,51.93,36
2363.0,3,37.97,49
2364.0,13,45.39,38
2365.0,5,51.93,33
2366.0,1,48.44,26
2367.0,11,43.64,47
2368.0,3,47.57,34
2369.0,7,51.93,34
2370.0,4,50.62,40
2371.0,8,82.21,40
2372.0,3,82.59,33
2373.0,5,65.8,49
118.0,1,100.0,27
2375.0,5,36.66,49
2376.0,7,35.35,56
2377.0,8,51.93,37
1374.0,7,100.0,33
279.0,3,100.0,27
709.0,9,100.0,46
191.0,3,100.0,44
373.0,1,100.0,26
2383.0,10,94.92,48
16.0,9,100.0,23
72.0,4,100.0,45
88.0,4,100.0,49
2387.0,5,94.92,28
57.0,9,100.0,37
424.0,7,100.0,34
646.0,3,100.0,22
37.0,2,100.0,29
2392.0,3,98.39,34
160.0,12,100.0,38
2094.0,6,100.0,41
525.0,3,100.0,42
297.0,12,100.0,28
324.0,4,100.0,38
33.0,8,100.0,23
2399.0,8,71.4,31
81.0,2,100.0,46
2401.0,10,56.55,48
2402.0,13,100.0,29
380.0,4,100.0,46
46.0,3,100.0,26
2405.0,2,100.0,18
2406.0,2,53.31,32
2407.0,11,49.21,21
2408.0,4,69.12,46
2409.0,14,49.79,42
2410.0,13,57.41,31
2411.0,5,66.78,38
2412.0,4,64.44,38
2413.0,15,48.62,20
2414.0,7,62.09,46
2415.0,15,65.61,30
2416.0,4,68.54,30
2417.0,2,52.14,43
2418.0,4,63.85,49
2419.0,4,56.82,43
2420.0,7,66.78,37
2421.0,1,55.07,35
2422.0,15,60.34,34
2423.0,7,61.51,38
2090.0,7,100.0,44
404.0,6,100.0,21
2426.0,17,100.0,44
2427.0,4,64.93,25
2428.0,9,58.58,24
2429.0,10,60.06,38
87.0,3,100.0,45
2431.0,4,63.85,51
2432.0,14,82.99,34
2433.0,1,74.85,44
2434.0,15,96.0,44
2435.0,2,81.36,38
2436.0,10,71.6,31
2437.0,10,80.55,48
2438.0,5,93.56,21
2439.0,2,66.72,40
2440.0,10,80.55,40
2441.0,3,77.29,50
2442.0,3,68.34,20
2443.0,7,72.41,48
2444.0,5,89.5,47
2445.0,11,70.78,21
2446.0,2,78.92,39
2447.0,5,80.55,44
2448.0,1,88.68,28
2449.0,6,77.29,45
1224.0,5,100.0,20
387.0,3,100.0,38
136.0,4,100.0,26
198.0,2,100.0,44
234.0,8,100.0,49
2455.0,13,100.0,22
2456.0,3,68.34,31
2457.0,5,70.67,41
2458.0,14,76.67,25
2459.0,5,60.0,31
2460.0,2,64.0,41
2461.0,1,64.67,43
2462.0,12,75.34,43
2463.0,3,76.0,24
2464.0,3,54.0,21
2465.0,9,64.67,23
2466.0,3,74.67,38
2467.0,15,62.67,31
2468.0,3,70.67,36
2469.0,6,71.34,36
2470.0,4,62.0,34
2471.0,7,65.34,21
2472.0,9,78.67,45
2473.0,4,75.34,26
2474.0,3,54.0,50
2475.0,2,62.0,41
2476.0,1,60.0,39
724.0,5,100.0,22
2478.0,11,76.67,46
174.0,14,100.0,44
2480.0,1,77.34,25
2481.0,1,66.67,39
2482.0,6,71.34,37
478.0,7,100.0,31
2484.0,13,82.21,47
2485.0,8,77.64,24
211.0,2,100.0,36
377.0,2,100.0,48
2488.0,14,98.65,28
2489.0,2,83.12,48
2490.0,12,78.55,21
2491.0,14,100.0,25
2157.0,8,100.0,25
2493.0,9,91.34,31
2494.0,4,84.03,40
2495.0,14,89.51,32
2496.0,6,83.12,24
197.0,2,100.0,42
176.0,12,100.0,21
2499.0,4,82.21,34
95.0,8,100.0,27
2501.0,5,88.6,30
91.0,9,100.0,39
2503.0,4,60.54,20
2504.0,6,81.87,37
81.0,2,100.0,46
2506.0,6,87.69,47
2507.0,8,100.0,11
2508.0,9,91.34,23
2509.0,12,70.15,29
2510.0,6,79.68,38
2511.0,3,97.0,32
2512.0,9,84.01,43
2513.0,8,87.48,31
233.0,3,100.0,29
2515.0,10,88.34,31
2516.0,10,94.4,30
2517.0,2,94.4,50
2440.0,10,80.55,40
2519.0,4,97.0,23
2520.0,7,88.34,26
535.0,13,100.0,40
585.0,14,100.0,21
2523.0,2,86.61,43
2524.0,5,71.89,29
2525.0,10,91.81,38
2526.0,2,76.22,23
395.0,7,100.0,20
2528.0,9,70.3,36
1149.0,4,100.0,28
198.0,2,100.0,44
327.0,1,100.0,49
2532.0,5,80.55,32
2533.0,13,100.0,34
2534.0,16,100.0,30
2535.0,7,94.14,29
2536.0,8,85.99,22
26.0,11,100.0,26
2538.0,9,91.43,32
640.0,5,100.0,29
2540.0,8,96.86,34
2541.0,5,99.57,24
2542.0,2,90.52,24
2543.0,4,88.71,33
2544.0,8,100.0,26
2545.0,4,95.95,40
2546.0,13,94.14,44
2547.0,5,90.52,24
2548.0,2,94.14,20
581.0,11,100.0,34
2550.0,5,97.76,34
2551.0,13,93.24,45
20.0,9,100.0,41
2553.0,15,71.25,55
1082.0,3,100.0,23
2555.0,14,45.39,24
2556.0,15,84.41,32
2557.0,13,85.76,29
567.0,7,100.0,36
2559.0,5,87.8,46
2560.0,4,95.95,32
38.0,9,100.0,34
412.0,15,100.0,24
45.0,1,100.0,40
2564.0,4,82.77,26
73.0,2,100.0,20
2327.0,16,100.0,31
2567.0,1,87.75,22
19.0,1,100.0,42
2569.0,14,99.72,26
2570.0,1,87.75,37
2571.0,10,88.75,38
2572.0,11,100.0,35
2573.0,6,90.75,33
300.0,16,100.0,39
30.0,8,100.0,45
51.0,4,100.0,24
2577.0,14,88.75,35
2578.0,6,100.0,23
2579.0,10,100.0,37
2580.0,7,87.75,55
877.0,2,100.0,49
113.0,9,100.0,26
1125.0,1,100.0,33
2584.0,14,83.84,37
2585.0,8,86.76,22
2586.0,10,88.75,85
303.0,11,100.0,22
2588.0,3,65.77,31
2589.0,12,65.77,38
2590.0,3,85.29,45
2591.0,16,85.29,31
2592.0,1,64.33,36
2593.0,10,70.11,46
2594.0,1,76.62,32
2595.0,1,57.82,39
2596.0,7,78.79,50
2597.0,1,74.45,46
2598.0,13,80.95,36
2599.0,1,82.4,29
2600.0,4,75.89,32
2601.0,2,68.67,44
2602.0,5,62.16,42
2603.0,7,65.77,47
2604.0,2,58.55,44
2605.0,1,75.17,43
2606.0,18,74.45,48
2607.0,1,96.31,21
2608.0,9,74.35,50
2609.0,12,75.35,29
2610.0,16,70.33,41
2579.0,10,100.0,37
2612.0,4,66.5,22
2613.0,4,75.89,31
532.0,6,100.0,42
162.0,10,100.0,42
114.0,6,100.0,45
15.0,6,100.0,36
85.0,3,100.0,20
2619.0,4,81.93,39
2620.0,11,85.98,42
2621.0,3,86.99,23
2622.0,6,89.01,26
1125.0,1,100.0,33
2624.0,6,88.0,31
1986.0,11,100.0,50
983.0,4,100.0,44
2627.0,1,80.92,45
2628.0,4,88.0,46
2629.0,11,85.98,27
226.0,6,100.0,28
45.0,1,100.0,40
2632.0,9,99.13,30
429.0,5,100.0,34
81.0,2,100.0,46
2635.0,7,82.83,32
279.0,3,100.0,27
648.0,3,100.0,34
2638.0,9,54.84,34
32.0,4,100.0,34
2640.0,1,80.92,46
431.0,1,100.0,32
24.0,7,100.0,24
2643.0,2,99.67,27
1775.0,13,100.0,20
718.0,8,100.0,36
432.0,8,100.0,29
120.0,6,100.0,25
432.0,8,100.0,29
2649.0,2,96.11,25
191.0,3,100.0,44
69.0,9,100.0,47
1170.0,8,100.0,48
2653.0,13,100.0,45
36.0,3,100.0,35
2655.0,6,100.0,31
715.0,8,100.0,50
285.0,11,100.0,33
1363.0,6,100.0,29
2659.0,4,68.8,48
2660.0,5,72.42,44
2661.0,10,66.73,25
175.0,3,100.0,50
16.0,9,100.0,23
2664.0,2,96.11,21
225.0,3,100.0,41
2666.0,8,74.4,44
2667.0,14,76.0,43
2668.0,3,96.0,28
2669.0,1,86.4,43
2670.0,15,96.0,48
2671.0,3,82.4,38
2672.0,13,86.4,31
2673.0,15,67.2,26
2674.0,9,92.0,32
2675.0,10,67.2,44
2676.0,5,76.0,27
2677.0,15,73.6,43
2678.0,7,69.6,25
2679.0,3,80.8,22
2680.0,13,87.2,21
2681.0,5,75.2,48
2682.0,13,64.0,33
429.0,5,100.0,34
2684.0,6,81.95,43
584.0,10,100.0,44
735.0,11,100.0,44
2687.0,17,94.34,32
2688.0,10,65.6,29
2689.0,9,92.0,77
2690.0,10,67.2,39
2691.0,6,81.14,39
378.0,1,100.0,36
2693.0,6,91.15,42
168.0,3,100.0,21
2695.0,2,88.15,50
173.0,13,100.0,24
2697.0,4,92.16,44
899.0,4,100.0,37
2699.0,10,92.16,27
899.0,4,100.0,37
634.0,16,100.0,38
2702.0,1,96.16,48
587.0,7,100.0,30
2704.0,5,88.15,25
2705.0,8,86.15,40
2706.0,10,88.15,22
429.0,5,100.0,34
2708.0,4,90.15,32
2709.0,3,86.15,31
2710.0,2,80.0,43
2711.0,1,89.38,31
2712.0,13,77.34,31
2713.0,2,96.34,34
2714.0,2,92.08,45
44.0,3,100.0,48
483.0,7,100.0,28
621.0,7,100.0,22
2718.0,1,83.42,45
2719.0,7,85.41,30
2720.0,4,85.41,38
85.0,3,100.0,20
2722.0,14,100.0,28
62.0,5,100.0,24
2724.0,5,79.45,22
2725.0,11,93.35,35
2726.0,5,85.41,33
2727.0,17,95.34,31
2728.0,2,82.43,35
2729.0,8,90.37,35
2730.0,6,81.43,50
113.0,9,100.0,26
2732.0,11,89.38,38
78.0,1,100.0,45
216.0,5,100.0,30
2735.0,4,91.37,37
2736.0,3,86.61,37
2737.0,7,71.89,36
2738.0,16,100.0,25
464.0,8,100.0,37
2740.0,3,95.48,30
211.0,2,100.0,36
2742.0,8,90.37,27
2743.0,10,61.44,48
2744.0,1,59.22,26
2745.0,2,85.13,26
2746.0,5,85.87,34
2747.0,3,85.87,44
2748.0,17,82.91,39
2749.0,2,76.25,45
2750.0,2,63.67,40
2751.0,15,70.33,42
2752.0,2,74.03,43
2753.0,11,72.55,34
2754.0,12,62.19,38
2755.0,7,71.07,35
2756.0,17,72.55,31
2757.0,9,64.41,32
2758.0,5,86.62,47
2759.0,15,68.11,39
2760.0,7,62.19,44
2761.0,12,85.87,39
2762.0,8,57.86,50
2763.0,1,75.51,22
2572.0,11,100.0,35
2765.0,17,55.62,45
2766.0,15,86.4,44
2767.0,12,87.36,36
2768.0,11,72.55,28
2769.0,12,62.19,43
2770.0,15,52.64,48
2771.0,6,48.17,28
2772.0,7,41.71,21
2773.0,10,50.65,37
2774.0,8,49.16,34
2775.0,4,41.71,40
2776.0,7,51.15,45
2777.0,4,52.14,28
2778.0,1,41.71,29
2779.0,3,44.69,48
2780.0,7,45.69,31
2781.0,3,57.61,32
2782.0,12,57.11,21
2783.0,4,58.6,32
2784.0,1,57.61,43
2785.0,10,45.19,21
2786.0,4,53.63,34
2787.0,12,43.7,34
2788.0,8,86.13,44
2789.0,6,76.31,27
2790.0,4,52.64,49
2791.0,12,95.2,23
2792.0,9,64.97,25
2793.0,16,87.15,50
2794.0,1,40.22,34
2795.0,4,56.12,20
2796.0,3,57.61,42
2797.0,8,56.78,25
2798.0,2,43.68,50
2799.0,8,64.97,32
2800.0,5,44.23,39
2801.0,4,60.06,50
2802.0,15,48.59,38
2803.0,6,50.23,40
2804.0,6,64.43,28
2805.0,12,50.23,42
2806.0,6,63.88,42
2807.0,18,63.34,36
2808.0,3,49.69,24
2809.0,9,65.52,23
2810.0,7,50.78,29
2811.0,10,45.86,37
2812.0,12,51.32,33
2813.0,1,60.06,32
2814.0,6,59.51,35
2815.0,5,55.69,40
2816.0,4,86.74,37
2817.0,5,97.16,42
2818.0,15,100.0,20
27.0,1,100.0,29
92.0,4,100.0,43
2821.0,1,62.24,34
2822.0,9,65.52,47
